sku;url;external_sku;name;length;dimension;weight;Meters;Dealer;Distributor;Inne;"Commodity codes";GTIN-13;Kategoria;GTIN-14;"Ilość w domu";Puste
AMROBOTSS001;BRAK;200299;BRAK;BRAK;31*31*31;0.27;0;0;0;BRAK;8507600090;3564092002993;Inne;3564093002992;0;BRAK
AMROBOTSC001;https://am-robots.com/pl/shop/cable/standard-cable/standard-cable-34-mm/;10293547;"3,4 mm Zielony standardowy przewód graniczny";;34*34*16;0.5;50;11.05;9;BRAK;8544492000;5744003721580;Przewody;BRAK;1;BRAK
AMROBOTSC001-50m;https://am-robots.com/pl/shop/cable/standard-cable/standard-cable-34-mm/;10293547;"3,4 mm Zielony standardowy przewód graniczny-50m";50m;34*34*16;0.5;50;11.05;9;BRAK;8544492000;5744003721580;Przewody;BRAK;1;BRAK
AMROBOTSC001-5m;https://am-robots.com/pl/shop/cable/standard-cable/standard-cable-34-mm/;10293538;"3,4 mm Zielony standardowy przewód graniczny-5m";5m;BRAK;0;5;2.975;2.43;BRAK;8544492000;5744003721610;Przewody;BRAK;0;BRAK
AMROBOTSC001-25m;https://am-robots.com/pl/shop/cable/standard-cable/standard-cable-34-mm/;10293542;"3,4 mm Zielony standardowy przewód graniczny-25m";25m;BRAK;0;25;5.95;4.5;BRAK;8544492000;5744003721627;Przewody;BRAK;1;BRAK
AMROBOTSC001-100m;https://am-robots.com/pl/shop/cable/standard-cable/standard-cable-34-mm/;10293548;"3,4 mm Zielony standardowy przewód graniczny-100m";100m;26*26*15;1.5;100;20.4;15.3;BRAK;8544492000;5744003720798;Przewody;15744003720795;0;BRAK
AMROBOTSC001-150m;https://am-robots.com/pl/shop/cable/standard-cable/standard-cable-34-mm/;10293549;"3,4 mm Zielony standardowy przewód graniczny-150m";150m;27*27*15;2;150;28.5;19.8;BRAK;8544492000;5744003720804;Przewody;15744003720801;1;BRAK
AMROBOTSC001-250m;https://am-robots.com/pl/shop/cable/standard-cable/standard-cable-34-mm/;10293551;"3,4 mm Zielony standardowy przewód graniczny-250m";250m;26,5*26,5*25;3.1;250;37.4;31.5;BRAK;8544492000;5744003720811;Przewody;15744003720818;1;BRAK
AMROBOTSC001-500m;https://am-robots.com/pl/shop/cable/standard-cable/standard-cable-34-mm/;10293556;"3,4 mm Zielony standardowy przewód graniczny-500m";500m;28*28*15,5;6;500;78;65;BRAK;8544492000;5744003720828;Przewody;BRAK;1;BRAK
AMROBOTSC001-800m;https://am-robots.com/pl/shop/cable/standard-cable/standard-cable-34-mm/;10293562;"3,4 mm Zielony standardowy przewód graniczny-800m";800m;28*28*22.5;10;800;141.1;110;BRAK;8544492000;5744003720835;Przewody;BRAK;0;BRAK
AMROBOTSC002;BRAK;29330156;"3,8mm Black Premium Safety Cable ";;28*28*20.5;11.6;500;231.2;185;BRAK;8544492000;BRAK;Przewody;BRAK;0;BRAK
AMROBOTSC002-500m;BRAK;29330156;"3,8mm Black Premium Safety Cable -500m";500m;28*28*20.5;11.6;500;231.2;185;BRAK;8544492000;BRAK;Przewody;BRAK;0;BRAK
AMROBOTSC002-800m;BRAK;29330162;"3,8mm Black Premium Safety Cable -800m";800m;31*31*24.5;18.5;800;369.75;296;BRAK;8544492000;BRAK;Przewody;BRAK;0;BRAK
AMROBOTSS002;BRAK;39734588;"Luba Mammotion Reversible blades";"300 szt.";BRAK;0;300;153;121.5;BRAK;BRAK;BRAK;Noże;BRAK;0;BRAK
AMROBOTSS003;BRAK;53541698;"Heat Shrink connector (5 pcs)";BRAK;BRAK;0.025;"Tin sealed with shrinkable plastic";2.125;1.8;BRAK;8547200090;5744003721559;Łączniki;BRAK;0;BRAK
AMROBOTSS004;BRAK;53972374;"Guide cable Connector Kit (10 pcs )";BRAK;BRAK;0;"Double layer repair kits for 3,4mm². For professionals";7.225;6.03;BRAK;BRAK;BRAK;BRAK;BRAK;1;BRAK
AMROBOTSS005;BRAK;53972375;"Guide cable Connector Kit (50 pcs )";BRAK;BRAK;0;"Double layer repair kits for 3,4mm². For professionals";18.7;15.75;BRAK;BRAK;BRAK;BRAK;BRAK;1;BRAK
AMROBOTSS006;BRAK;54691276;"3M - 314 Scotchlock (100pcs)";BRAK;22*22*22;0.4;"Connect 3 wires (Waterproff)";46;44;BRAK;8547200090;5744003720262;Szpilki;15744003720184;0;BRAK
AMROBOTSS007;BRAK;57504142;"Hybrid Grass 1 x 20m";BRAK;BRAK;0;"Artificial grass for better robot grip with the lawn";346.8;279;BRAK;5703310000;5744003721481;Inne;BRAK;0;BRAK
AMROBOTSS008;https://am-robots.com/pl/shop/batteries/al-ko-robolinho/al-ko-robolinho-oem-440454-3000-4000-82-8-116-al-al02/;200300;"AL-KO Robolinho OEM: 440454 (3000 / 4000 / 82.8 /116) - AL-AL02";BRAK;34,5*29*24,5;0.69;0;0;0;BRAK;8507600090;3564092003006;Inne;3564093003005;0;BRAK
AMROBOTSS009;https://am-robots.com/pl/shop/batteries/ambrogio-batteries/ambrogio-oem-075z01300a-l30-l75-l85-al-st03/;200303;"AMBROGIO OEM: 075Z01300A (L30/L75/L85) - AL-ST03";BRAK;27*18*26;0.5;0;0;0;BRAK;8507600090;3564092003037;Inne;3564093003036;0;BRAK
AMROBOTSS010;https://am-robots.com/pl/shop/batteries/ambrogio-batteries/ambrogio-oem-cs_c0106-1-type-l100-serie-al-st01/;200301;"AMBROGIO OEM: CS_C0106/1 (Typ L100 Serie) - AL-ST01";BRAK;34,5*29*24,5;1.15;0;0;0;BRAK;8507600090;3564092003013;Inne;3564093003012;0;BRAK
AMROBOTSS011;https://am-robots.com/pl/shop/batteries/ambrogio-batteries/ambrogio-oem-cs-c0114-type-l200-l300-serie-al-st02/;200302;"AMBROGIO OEM: CS C0114 (Typ L200/ L300 Serie) - AL-ST02";BRAK;36*25*23;2.32;0;0;0;BRAK;8507600090;3564092003020;Inne;3564093003029;0;BRAK
AMROBOTSS012;https://am-robots.com/pl/shop/batteries/ambrogio-batteries/axcell-lithium-al-zu01/;200329;"AMBROGIO OEM: 015E00600A (L15 /L20 / L60 / Twenty / WIPER i70 / i100S / Climber / Q350) - AL-ZU01";"AMBROGIO OEM: 015E00600A (L15 /L20/L60/Twenty /WIPER i70/ i100S/Climber/Q350)";31*15*29;0.39;"AMBROGIO OEM: 015E00600A (L15 /L20/L60/Twenty /WIPER i70/ i100S/Climber/Q350)";97;83;BRAK;8507600090;3564092003297;Inne;3564093003296;0;BRAK
AMROBOTSS013;https://am-robots.com/pl/shop/batteries/husqvarna-batteries/husqvarna-oem-535-12-09-01-220ac-230acx-265acx-al-hu05/;200310;"HUSQVARNA OEM: 535 12 09-01 (220AC, 230ACX, 265ACX) - AL-HU05";"HUSQVARNA OEM: 540 05 96-01 (220AC, 230ACX, 265ACX)";31*31*31;0.85;"HUSQVARNA OEM: 540 05 96-01 (220AC, 230ACX, 265ACX)";39;33;BRAK;85075000;3564092003105;Inne;3564093003104;0;BRAK
AMROBOTSS014;https://am-robots.com/pl/shop/batteries/husqvarna-batteries/husqvarna-oem-574-47-68-01-105-305-308-al-hu01/;200305;"HUSQVARNA OEM: 574 47 68-01 (105 / 305 / 308) - AL-HU01";"HSQ OEM: 574 47 68-01 (105 / 305 / 308)";51*40*23;0.25;"HSQ OEM: 574 47 68-01 (105 / 305 / 308)";39;33;BRAK;8507600090;3564092003051;Inne;3564093003050;0;BRAK
AMROBOTSS015;https://am-robots.com/pl/shop/batteries/husqvarna-batteries/husqvarna-oem-578-84-87-02-265acx-20122015-265acx-g2-2-al-hu07/;200311;"HUSQVARNA OEM: 578 84 87-02 (265ACX 2012>2015 265ACX G2-2) - AL-HU07";"HUSQVARNA OEM: 578 84 87-02 (265ACX 2012>2015 265ACX G2-2)";34,5*29*24,5;0.55;"HUSQVARNA OEM: 578 84 87-02 (265ACX 2012>2015 265ACX G2-2)";85;72;BRAK;8507600090;3564092003112;Inne;3564093003111;0;BRAK
AMROBOTSS016;https://am-robots.com/pl/shop/batteries/husqvarna-batteries/husqvarna-oem-584-82-28-02-310-315-315x-20152018-al-hu02/;200307;"HUSQVARNA OEM: 584 82 28-02 (310 / 315 / 315X 2015>2018) - AL-HU02";"HSQ OEM: 584 82 28-02 (310 / 315 / 315X 2015>2018)";32*15*28;0.25;"HSQ OEM: 584 82 28-02 (310 / 315 / 315X 2015>2018)";47;40;BRAK;8507600090;3564092003075;Inne;3564093003074;0;BRAK
AMROBOTSS017;https://am-robots.com/pl/shop/batteries/husqvarna-batteries/husqvarna-oem-589-58-52-01-320-2013-330x-2013-420-2016-520-2018-al-hu03/;200308;"HUSQVARNA OEM: 589 58 52-01 (320 2013 ->, 330X 2013 ->, 420 2016 ->, 520 2018 ->) - AL-HU03";"HSQ OEM: 589 58 52-01 (320 2013 ->, 330X 2013 ->, 420 2016 ->, 520 2018 ->)";31*31*31;0.49;"HSQ OEM: 589 58 52-01 (320 2013 ->, 330X 2013 ->, 420 2016 ->, 520 2018 ->)";61;52;BRAK;8507600090;3564092003082;Inne;3564093003081;0;BRAK
AMROBOTSS018;https://am-robots.com/pl/shop/batteries/husqvarna-batteries/husqvarna-oem-589-58-57-01-430x-2016-440-2017-450x-2016-550-2018-al-hu04/;200309;"HUSQVARNA OEM: 589 58 57-01 (430X (2016>), 440 (2017>), 450X (2016>), 550 (2018>) - AL-HU04";"HSQ OEM: 589 58 57-01 (430X (2016>) , 440 (2017 >), 450X (2016>), 550 (2018>)";31*31*31;0.49;"HSQ OEM: 589 58 57-01 (430X (2016>) , 440 (2017 >), 450X (2016>), 550 (2018>)";67;57;BRAK;8507600090;3564092003099;Inne;3564093003098;0;BRAK
AMROBOTSS019;https://am-robots.com/pl/shop/batteries/husqvarna-batteries/husqvarna-oem-589-58-61-01-105-305-308-al-hu06/;200306;"HUSQVARNA OEM: 589 58 61-01 (105 / 305 / 308) - AL-HU06";"HUSQVARNA OEM: 589 58 61-01 (105 / 305 / 308)";51*40*23;0.25;"HUSQVARNA OEM: 589 58 61-01 (105 / 305 / 308)";55;47;BRAK;8507600090;3564092003068;Inne;3564093003067;0;BRAK
AMROBOTSS020;https://am-robots.com/pl/shop/batteries/husqvarna-batteries/husqvarna-oem-593-24-72-01-305-310-315-2019-sn-2006xxxx-al-hu08/;200333;"HUSQVARNA OEM: 593 24 72-01 (305 - / 310 - / 315 -2019> (SN: >2006XXXX) - AL-HU08";"HUSQVARNA OEM: 593 24 72-01 (305 - / 310 - / 315 -2019> (SN: >2006XXXX) ";34,5*21*28;0.42;"HUSQVARNA OEM: 593 24 72-01 (305 - / 310 - / 315 -2019> (SN: >2006XXXX) ";64;54;BRAK;8507600090;3564092003334;Inne;3564093003333;0;BRAK
AMROBOTSS021;https://am-robots.com/pl/shop/batteries/indigo/indigo-oem-3-600-ha2-000-800-1300-3600-10c-13c-al-bs01/;200304;"Indego OEM: 3 600 HA2 000 (800 - 1300 / 3600 / 10C/13C) - AL-BS01";BRAK;36*25*23;0.96;0;0;0;BRAK;8507600090;3564092003044;Inne;3564093003043;0;BRAK
AMROBOTSS022;https://am-robots.com/pl/shop/batteries/robomow-batteries/robomow-oem-mrk7005a-rs612-rs622-rs635-al-rm03/;200313;"ROBOMOW OEM: MRK6105AA (RS612 / RS622 / RS635) - AL-RM03";"ROBOMOW OEM: MRK7005A (City MC150/300/1000/1200, Premium RC304u/RC306)";49,5*35,5*26;1.47;"ROBOMOW OEM: MRK7005A (City MC150/300/1000/1200, Premium RC304u/RC306)";194;165;BRAK;8507600090;3564092003136;Inne;3564093003135;0;BRAK
AMROBOTSS023;https://am-robots.com/pl/shop/batteries/robomow-batteries/robomow-oem-mrk9101a-city-mc150-300-1000-1200-premium-rc304u-rc306-b172-al-rm02/;200312;"ROBOMOW OEM: MRK7005A (City MC150/300/1000/1200, Premium RC304u/RC306) AL-RM02";"ROBOMOW OEM: MRK6105A (ROBOMOW RS612/RS622/RS635)";59*24*20;1.09;"ROBOMOW OEM: MRK6105A (ROBOMOW RS612/RS622/RS635)";185;158;BRAK;8507600090;3564092003129;Inne;3564093003128;0;BRAK
AMROBOTSS024;https://am-robots.com/pl/shop/batteries/worx-batteries/worx-oem-wa3225-l1500i-m500-wg754e-wg790-al-wx03/;200316;"WORX OEM: WA3225 (L1500i / M500/ WG754E/ WG790) - AL-WX03";"WORX OEM: WA3225 (L1500i / M500/ WG754E/ WG790)";28,5*34,5*25;0.42;"WORX OEM: WA3225 (L1500i / M500/ WG754E/ WG790)";64;54;BRAK;8507600090;3564092003167;Inne;3564093003166;0;BRAK
AMROBOTSS025;https://am-robots.com/pl/shop/batteries/worx-batteries/worx-oem-wa3551-1-l2000-m1000-m700-al-wx01/;200314;"WORX OEM: WA3551.1 (L2000/ M1000/ M700) - AL-WX01";BRAK;36*25*23;0.46;0;0;0;BRAK;8507600090;3564092003143;Inne;3564093003142;0;BRAK
AMROBOTSS026;https://am-robots.com/pl/shop/batteries/worx-batteries/worx-oem-wa3556-l2000-m1000-m700-al-wx02/;200315;"WORX OEM: WA3556 (L2000/ M1000/ M700) - AL-WX02";"WORX OEM: WA3556 (L2000/ M1000/ M700)";36*25*23;0.58;"WORX OEM: WA3556 (L2000/ M1000/ M700)";73;62;BRAK;8507600090;3564092003150;Inne;3564093003159;0;BRAK
AMROBOTSC003;https://am-robots.com/pl/shop/blades/al-ko/al-ko-robolinho-110-1100-3100-4100-blades/;39969972;"AL-KO Robolinho 110, 1100, 3100, 4100 Ostrza";;30*29*26;0.2;9;8.5;6.75;BRAK;8208400000;5744003720576;Noże;15744003720573;10;BRAK
AMROBOTSC003-9 szt.;https://am-robots.com/pl/shop/blades/al-ko/al-ko-robolinho-110-1100-3100-4100-blades/;39969972;"AL-KO Robolinho 110, 1100, 3100, 4100 Ostrza-9 szt.";"9 szt.";30*29*26;0.2;9;8.5;6.75;BRAK;8208400000;5744003720576;Noże;15744003720573;10;BRAK
AMROBOTSC003-300 szt.;https://am-robots.com/pl/shop/blades/al-ko/al-ko-robolinho-110-1100-3100-4100-blades/;39969975;"AL-KO Robolinho 110, 1100, 3100, 4100 Ostrza-300 szt.";"300 szt.";34*32*23;5.1;300;170;135;BRAK;8208400000;5744003720583;Noże;15744003720580;0;BRAK
AMROBOTSC004;https://am-robots.com/pl/shop/blades/al-ko/al-ko-robolinho-500-700-i-e-w-blades/;39963071;"Ostrza AL-KO Robolinho 500-700 I/E/W";;BRAK;0.142;8;9.35;7.425;BRAK;8208400000;5744003721672;Noże;BRAK;9;BRAK
AMROBOTSC004-8 szt.;https://am-robots.com/pl/shop/blades/al-ko/al-ko-robolinho-500-700-i-e-w-blades/;39963071;"Ostrza AL-KO Robolinho 500-700 I/E/W-8 szt.";"8 szt.";BRAK;0.142;8;9.35;7.425;BRAK;8208400000;5744003721672;Noże;BRAK;9;BRAK
AMROBOTSC004-24 szt.;https://am-robots.com/pl/shop/blades/al-ko/al-ko-robolinho-500-700-i-e-w-blades/;39963098;"Ostrza AL-KO Robolinho 500-700 I/E/W-24 szt.";"24 szt.";BRAK;0.312;24;20.4;16.2;BRAK;8208400000;5744003721689;Noże;BRAK;10;BRAK
AMROBOTSC005;https://am-robots.com/pl/shop/blades/ambrogio/ambrogio-robot-blade-4-star-bended-o18cm/;34509727;"Ambrogio Robot Blade - Ø25 cm";;34*34*50;0.16;1;10.2;8.1;BRAK;8208400000;5744003720545;Noże;BRAK;7;BRAK
AMROBOTSC005-4-gwiazdkowy;https://am-robots.com/pl/shop/blades/ambrogio/ambrogio-robot-blade-4-star-bended-o18cm/;34509727;"Ambrogio Robot Blade - Ø25 cm-4-gwiazdkowy";4-gwiazdkowy;34*34*50;0.16;1;10.2;8.1;BRAK;8208400000;5744003720545;Noże;BRAK;7;BRAK
AMROBOTSC005-4-gwiazdkowy;https://am-robots.com/pl/shop/blades/ambrogio/ambrogio-robot-blade-4-star-bended-o18cm/;34509781;"Ambrogio Robot Blade - Ø35 cm-4-gwiazdkowy";4-gwiazdkowy;34*34*50;0.35;1;13.6;10.8;BRAK;8208400000;5744003720514;Noże;BRAK;11;BRAK
AMROBOTSC005-4-gwiazdkowy;https://am-robots.com/pl/shop/blades/ambrogio/ambrogio-robot-blade-4-star-bended-o18cm/;34899725;"Ambrogio Robot Blade, wygięty 4-gwiazdkowy - Ø18 cm-4-gwiazdkowy";4-gwiazdkowy;34*34*50;0.105;1;10.2;8.1;BRAK;8208400000;5744003721542;Noże;BRAK;6;BRAK
AMROBOTSC005-8-gwiazdkowy;https://am-robots.com/pl/shop/blades/ambrogio/ambrogio-robot-blade-4-star-bended-o18cm/;34899727;"Ambrogio Robot Blade - Ø25 cm-8-gwiazdkowy";8-gwiazdkowy;34*34*50;0.24;1;11.05;8.775;BRAK;8208400000;5744003720552;Noże;BRAK;6;BRAK
AMROBOTSC005-8-gwiazdkowy;https://am-robots.com/pl/shop/blades/ambrogio/ambrogio-robot-blade-4-star-bended-o18cm/;34899781;"Ambrogio Robot Blade - Ø35 cm-8-gwiazdkowy";8-gwiazdkowy;34*34*50;0.41;1;17.85;14.175;BRAK;8208400000;5744003720521;Noże;BRAK;10;BRAK
AMROBOTSC005-8-gwiazdkowy;https://am-robots.com/pl/shop/blades/ambrogio/ambrogio-robot-blade-4-star-bended-o18cm/;34899782;"Ambrogio Robot Blade - Ø29 cm-8-gwiazdkowy";8-gwiazdkowy;34*34*50;0.28;1;14.45;11.475;BRAK;8208400000;5744003720538;Noże;BRAK;9;BRAK
AMROBOTSS027;https://am-robots.com/pl/shop/blades/ambrogio/ambrogio-robot-blade-o29cm/;34899783;"Ambrogio Robot Blade - Ø29 cm";4-gwiazdkowy;34*34*50;0.2075;1;12.75;10.125;BRAK;8208400000;5744003721535;Noże;BRAK;10;BRAK
AMROBOTSC006;https://am-robots.com/pl/shop/blades/ambrogio/stiga-stig-blades/;42604586;"Ostrza STIGA STIG";;BRAK;0;12;7.65;6.075;BRAK;BRAK;BRAK;Noże;BRAK;7;BRAK
AMROBOTSC006-12 szt.;https://am-robots.com/pl/shop/blades/ambrogio/stiga-stig-blades/;42604586;"Ostrza STIGA STIG-12 szt.";"12 szt.";BRAK;0;12;7.65;6.075;BRAK;BRAK;BRAK;Noże;BRAK;7;BRAK
AMROBOTSC006-36 szt.;https://am-robots.com/pl/shop/blades/ambrogio/stiga-stig-blades/;42654587;"Ostrza STIGA STIG-36 szt.";"36 szt.";BRAK;0;36;20.4;16.2;BRAK;BRAK;BRAK;Noże;BRAK;10;BRAK
AMROBOTSC006-300 szt.;https://am-robots.com/pl/shop/blades/ambrogio/stiga-stig-blades/;42734579;"Ostrza STIGA STIG-300 szt.";"300 szt.";BRAK;0;300;146.2;116.1;BRAK;BRAK;BRAK;Noże;BRAK;0;BRAK
AMROBOTSC007;https://am-robots.com/pl/shop/blades/belrobotics/belrobotics-bigmow-blades/;39999986;"Ostrza Belrobotics (BIGMOW)";;30*29*26;0.11;15;14.45;11.475;BRAK;8208400000;5744003720613;Noże;15744003720610;1;BRAK
AMROBOTSC007-15 szt.;https://am-robots.com/pl/shop/blades/belrobotics/belrobotics-bigmow-blades/;39999986;"Ostrza Belrobotics (BIGMOW)-15 szt.";"15 szt.";30*29*26;0.11;15;14.45;11.475;BRAK;8208400000;5744003720613;Noże;15744003720610;1;BRAK
AMROBOTSC007-50 szt.;https://am-robots.com/pl/shop/blades/belrobotics/belrobotics-bigmow-blades/;39999989;"Ostrza Belrobotics (BIGMOW)-50 szt.";"50 szt.";BRAK;0.36;50;45.05;35.775;BRAK;8208400000;5744003721658;Noże;BRAK;1;BRAK
AMROBOTSS028;https://am-robots.com/pl/shop/blades/bosch/bosch-indigo-blades-9-pcs/;39999972;"Brzeszczoty Bosch Indego 9 szt.";"9 szt.";30*29*26;0.08;9;5.1;4.05;BRAK;8208400000;5744003720606;Noże;15744003720603;10;BRAK
AMROBOTSC008;https://am-robots.com/pl/shop/blades/honda/honda-miimo-blade/;36583094;"Honda Miimo Blade";;30*29*26;0.064;9;5.1;4.05;BRAK;8208400000;5744003720446;Noże;15744003720443;10;BRAK
AMROBOTSC008-9 szt.;https://am-robots.com/pl/shop/blades/honda/honda-miimo-blade/;36583094;"Honda Miimo Blade-9 szt.";"9 szt.";30*29*26;0.064;9;5.1;4.05;BRAK;8208400000;5744003720446;Noże;15744003720443;10;BRAK
AMROBOTSC008-300 szt.;https://am-robots.com/pl/shop/blades/honda/honda-miimo-blade/;36733097;"Honda Miimo Blade-300 szt.";"300 szt.";43*32*23;1.7;300;109.65;87.075;BRAK;8208400000;5744003720453;Noże;15744003720450;0;BRAK
AMROBOTSC009;https://am-robots.com/pl/shop/blades/husqvarna/a-m-endurance-blade/;30014573;"Ostrze Wytrzymałości";;30*29*26;0.02;3;4.25;3.375;BRAK;8208400000;5744003720354;Noże;15744003720351;10;BRAK
AMROBOTSC009-3 szt.;https://am-robots.com/pl/shop/blades/husqvarna/a-m-endurance-blade/;30014573;"Ostrze Wytrzymałości-3 szt.";"3 szt.";30*29*26;0.02;3;4.25;3.375;BRAK;8208400000;5744003720354;Noże;15744003720351;10;BRAK
AMROBOTSC009-9 szt.;https://am-robots.com/pl/shop/blades/husqvarna/a-m-endurance-blade/;30014574;"Ostrze Wytrzymałości-9 szt.";"9 szt.";30*29*26;0.043;9;11.05;8.775;BRAK;8208400000;5744003720361;Noże;15744003720368;9;BRAK
AMROBOTSC009-300 szt.;https://am-robots.com/pl/shop/blades/husqvarna/a-m-endurance-blade/;30014575;"Ostrze Wytrzymałości-300 szt.";"300 szt.";34*32*23;1.3;300;238;189;BRAK;8208400000;5744003720385;Noże;15744003720382;0;BRAK
AMROBOTSC009-30 szt.;https://am-robots.com/pl/shop/blades/husqvarna/a-m-endurance-blade/;32994598;"Ostrze Wytrzymałości-30 szt.";"30 szt.";30*29*26;0.131;30;35.7;28.35;BRAK;8208400000;5744003720378;Noże;15744003720375;10;BRAK
AMROBOTSC010;https://am-robots.com/pl/shop/blades/husqvarna/extreme-long-life-safety-blades-40-more-cutting/;35024072;"Bezpieczne ostrza o ekstremalnie długiej żywotności +40% więcej cięcia.";;30*29*26;0.057;9;5.525;4.3875;BRAK;8208400000;5744003720323;Noże;15744003720320;10;BRAK
AMROBOTSC010-9 szt.;https://am-robots.com/pl/shop/blades/husqvarna/extreme-long-life-safety-blades-40-more-cutting/;35024072;"Bezpieczne ostrza o ekstremalnie długiej żywotności +40% więcej cięcia.-9 szt.";"9 szt.";30*29*26;0.057;9;5.525;4.3875;BRAK;8208400000;5744003720323;Noże;15744003720320;10;BRAK
AMROBOTSC010-300 szt.;https://am-robots.com/pl/shop/blades/husqvarna/extreme-long-life-safety-blades-40-more-cutting/;35024079;"Bezpieczne ostrza o ekstremalnie długiej żywotności +40% więcej cięcia.-300 szt.";"300 szt.";34*32*23;1.8;300;135.15;107.325;BRAK;8208400000;5744003720347;Noże;15744003720344;0;BRAK
AMROBOTSC010-30 szt.;https://am-robots.com/pl/shop/blades/husqvarna/extreme-long-life-safety-blades-40-more-cutting/;35024099;"Bezpieczne ostrza o ekstremalnie długiej żywotności +40% więcej cięcia.-30 szt.";"30 szt.";30*29*26;0.158;30;16.15;12.825;BRAK;8208400000;5744003720330;Noże;15744003720337;10;BRAK
AMROBOTSC011;https://am-robots.com/pl/shop/blades/husqvarna/long-life-safety-blades-original/;30014572;"Bezpieczne ostrza o długiej żywotności";;30*29*26;0.05;9;3.74;2.97;BRAK;8208400000;5744003720293;Noże;15744003720290;10;BRAK
AMROBOTSC011-9 szt.;https://am-robots.com/pl/shop/blades/husqvarna/long-life-safety-blades-original/;30014572;"Bezpieczne ostrza o długiej żywotności-9 szt.";"9 szt.";30*29*26;0.05;9;3.74;2.97;BRAK;8208400000;5744003720293;Noże;15744003720290;10;BRAK
AMROBOTSC011-300 szt.;https://am-robots.com/pl/shop/blades/husqvarna/long-life-safety-blades-original/;30014578;"Bezpieczne ostrza o długiej żywotności-300 szt.";"300 szt.";34*32*23;1.7;300;97.75;77.625;BRAK;8208400000;5744003720316;Noże;15744003720313;0;BRAK
AMROBOTSC011-30 szt.;https://am-robots.com/pl/shop/blades/husqvarna/long-life-safety-blades-original/;35014599;"Bezpieczne ostrza o długiej żywotności-30 szt.";"30 szt.";30*29*26;0.137;30;12.325;9.7875;BRAK;8208400000;5744003720309;Noże;15744003720306;10;BRAK
AMROBOTSC012;https://am-robots.com/pl/shop/blades/luba/luba-mammotion-reversible-blades/;39614586;"Odwracalne ostrza LUBA Mammotion";;BRAK;0;24;13.6;10.8;BRAK;BRAK;BRAK;Noże;BRAK;12;BRAK
AMROBOTSC012-24 szt.;https://am-robots.com/pl/shop/blades/luba/luba-mammotion-reversible-blades/;39614586;"Odwracalne ostrza LUBA Mammotion-24 szt.";"24 szt.";BRAK;0;24;13.6;10.8;BRAK;BRAK;BRAK;Noże;BRAK;12;BRAK
AMROBOTSC012-48 szt.;https://am-robots.com/pl/shop/blades/luba/luba-mammotion-reversible-blades/;39644587;"Odwracalne ostrza LUBA Mammotion-48 szt.";"48 szt.";BRAK;0;48;27.2;21.6;BRAK;BRAK;BRAK;Noże;BRAK;1;BRAK
AMROBOTSS029;https://am-robots.com/pl/shop/blades/parkside/parkside-reversible-blades/;39584572;"Odwracalne ostrza Parkside";"9 szt.";BRAK;0;9;5.1;4.05;BRAK;BRAK;BRAK;Noże;BRAK;10;BRAK
AMROBOTSC013;https://am-robots.com/pl/shop/blades/robomow/robomow-rk-blade/;37714573;"Robomow RK Blade";;BRAK;0;24;17;13.5;BRAK;BRAK;BRAK;Noże;BRAK;10;BRAK
AMROBOTSC013-24 szt.;https://am-robots.com/pl/shop/blades/robomow/robomow-rk-blade/;37714573;"Robomow RK Blade-24 szt.";"24 szt.";BRAK;0;24;17;13.5;BRAK;BRAK;BRAK;Noże;BRAK;10;BRAK
AMROBOTSC013-300 szt.;https://am-robots.com/pl/shop/blades/robomow/robomow-rk-blade/;37734579;"Robomow RK Blade-300 szt.";"300 szt.";BRAK;0;300;101.15;80.325;BRAK;BRAK;BRAK;Noże;BRAK;0;BRAK
AMROBOTSC013-8 szt.;https://am-robots.com/pl/shop/blades/robomow/robomow-rk-blade/;37994571;"Robomow RK Blade-8 szt.";"8 szt.";30*29*26;0.053;8;6.8;5.4;BRAK;8208400000;5744003720439;Noże;15744003720436;10;BRAK
AMROBOTSC014;https://am-robots.com/pl/shop/blades/robomow/robomow-rs-blade/;37504585;"Robomow RS Blade";;54*48*46;0.7;2;32.3;25.65;BRAK;8208400000;5744003720415;Noże;15744003720412;10;BRAK
AMROBOTSC014-2 szt.;https://am-robots.com/pl/shop/blades/robomow/robomow-rs-blade/;37504585;"Robomow RS Blade-2 szt.";"2 szt.";54*48*46;0.7;2;32.3;25.65;BRAK;8208400000;5744003720415;Noże;15744003720412;10;BRAK
AMROBOTSC014-1 szt.;https://am-robots.com/pl/shop/blades/robomow/robomow-rs-blade/;37504593;"Robomow RS Blade-1 szt.";"1 szt.";BRAK;0;1;17;13.5;BRAK;BRAK;BRAK;BRAK;BRAK;0;BRAK
AMROBOTSC014-1 szt.;https://am-robots.com/pl/shop/blades/robomow/robomow-rs-blade/;37504594;"Robomow RS Blade-1 szt.";"1 szt.";54*48*46;0.47;0;0;0;BRAK;8208400000;5744003720408;Noże;15744003720405;0;BRAK
AMROBOTSC014-25 szt.;https://am-robots.com/pl/shop/blades/robomow/robomow-rs-blade/;37894575;"Robomow RS Blade-25 szt.";"25 szt.";51*37*32;6.5;25;424.15;336.825;BRAK;8208400000;5744003720422;Noże;BRAK;0;BRAK
AMROBOTSS030;https://am-robots.com/pl/shop/blades/robomow/robomow-rx-blade/;37504589;"Robomow RX Blade";BRAK;30*29*26;0.82;1;5.1;4.05;BRAK;8208400000;5744003720392;Noże;BRAK;10;BRAK
AMROBOTSC015;https://am-robots.com/pl/shop/blades/stihl/stihl-imow-evo-premium-blades/;31029717;"Ostrza Stihl iMOW EVO Premium";;BRAK;0;30;15.3;12.15;BRAK;8208400000;5744003721511;Noże;BRAK;9;BRAK
AMROBOTSC015-30 szt.;https://am-robots.com/pl/shop/blades/stihl/stihl-imow-evo-premium-blades/;31029717;"Ostrza Stihl iMOW EVO Premium-30 szt.";"30 szt.";BRAK;0;30;15.3;12.15;BRAK;8208400000;5744003721511;Noże;BRAK;9;BRAK
AMROBOTSC015-9 szt.;https://am-robots.com/pl/shop/blades/stihl/stihl-imow-evo-premium-blades/;31029772;"Ostrza Stihl iMOW EVO Premium-9 szt.";"9 szt.";BRAK;0;9;5.1;4.05;BRAK;8208400000;5744003721504;Noże;BRAK;7;BRAK
AMROBOTSC015-300 szt.;https://am-robots.com/pl/shop/blades/stihl/stihl-imow-evo-premium-blades/;31029779;"Ostrza Stihl iMOW EVO Premium-300 szt.";"300 szt.";BRAK;0;300;119;94.5;BRAK;8208400000;5744003721528;Noże;BRAK;0;BRAK
AMROBOTSS031;https://am-robots.com/pl/shop/blades/stihl/stihl-viking-imow-assembly-kit-for-blades/;31509787;"STIHL / VIKING iMOW 6-Series ALM 030 Zestaw noży - 30 cm ostrza";BRAK;50*40*30;0.3;1;6.8;5.4;BRAK;8208400000;5744003720460;Noże;15744003720467;10;BRAK
AMROBOTSS032;https://am-robots.com/pl/shop/blades/stihl/stihl-viking-imow-large-blades-rmi-6-series-30-cm/;31509786;"STIHL / VIKING iMOW Duże noże - seria RMI 6 (30 cm)";BRAK;50*40*30;0.14;1;5.1;4.05;BRAK;8208400000;5744003720477;Noże;15744003720474;10;BRAK
AMROBOTSS033;https://am-robots.com/pl/shop/blades/stihl/stihl-viking-imow-large-blades-rmi-6-series-30-cm-2/;31509789;"STIHL / VIKING iMOW Duże noże - seria RMI 6 (28 cm)";BRAK;30*10*10;0.121;1;5.1;4.05;BRAK;8208400000;5744003720484;Noże;15744003720481;10;BRAK
AMROBOTSS034;https://am-robots.com/pl/shop/blades/stihl/stihl-viking-imow-small-blades-rmi-4-series-20-cm/;31509788;"STIHL / VIKING iMOW Małe noże - seria RMI 4 (20 cm)";BRAK;22*10*10;0.09;1;4.25;3.375;BRAK;8208400000;5744003720507;Noże;15744003720504;10;BRAK
AMROBOTSC016;https://am-robots.com/pl/shop/blades/worx/worx-blades-12-pcs-all-models/;39969979;"Ostrza Worx (wszystkie modele)";;34*32*23;2;300;114.75;91.125;BRAK;8208400000;5744003721252;Noże;15744003721259;0;BRAK
AMROBOTSC016-300 szt.;https://am-robots.com/pl/shop/blades/worx/worx-blades-12-pcs-all-models/;39969979;"Ostrza Worx (wszystkie modele)-300 szt.";"300 szt.";34*32*23;2;300;114.75;91.125;BRAK;8208400000;5744003721252;Noże;15744003721259;0;BRAK
AMROBOTSC016-12 szt.;https://am-robots.com/pl/shop/blades/worx/worx-blades-12-pcs-all-models/;39969998;"Ostrza Worx (wszystkie modele)-12 szt.";"12 szt.";30*29*26;0.069;12;5.1;4.05;BRAK;8208400000;5744003720590;Noże;15744003720597;10;BRAK
AMROBOTSS035;https://am-robots.com/pl/shop/cable/antenna-cable/antenna-cable-for-husqvarna-automower-20m/;65620178;"Kabel antenowy do Husqvarna Automower 20 m";BRAK;BRAK;0;"For RTK Husqvarna robots";21.25;18;BRAK;BRAK;BRAK;BRAK;BRAK;1;BRAK
AMROBOTSS036;https://am-robots.com/pl/shop/cable/antenna-cable/antenna-cable-for-luba-2-awd-series-10m/;65300183;"Kabel antenowy do serii Luba 2 AWD, 10 m";BRAK;BRAK;0;"For RTK Luba robots";9.775;7.65;BRAK;BRAK;BRAK;BRAK;BRAK;1;BRAK
AMROBOTSS037;https://am-robots.com/pl/shop/cable/antenna-cable/antenna-cable-for-segway-10m/;65460199;"Kabel antenowy do Segway 10 m";BRAK;BRAK;0;"For RTK Seqway robots";8.925;7.2;BRAK;BRAK;BRAK;BRAK;BRAK;1;BRAK
AMROBOTSC017;https://am-robots.com/pl/shop/cable/installation-kits/installation-kit-an-all-in-one-solution-for-a-robot-installation/;33899789;"Zestawy instalacyjne (przewód + szpilki + złączki)";;39*21*38;2.5;"150m, 300 BioPegs, 5 Docking and 5 Scotchlock";40.8;34.2;BRAK;8544492000;5744003721023;Przewody;15744003721020;0;BRAK
AMROBOTSC017-S;https://am-robots.com/pl/shop/cable/installation-kits/installation-kit-an-all-in-one-solution-for-a-robot-installation/;33899789;"Zestawy instalacyjne (przewód + szpilki + złączki)-S";S;39*21*38;2.5;"150m, 300 BioPegs, 5 Docking and 5 Scotchlock";40.8;34.2;BRAK;8544492000;5744003721023;Przewody;15744003721020;0;BRAK
AMROBOTSC017-XS;https://am-robots.com/pl/shop/cable/installation-kits/installation-kit-an-all-in-one-solution-for-a-robot-installation/;33899790;"Zestawy instalacyjne (przewód + szpilki + złączki)-XS";XS;14,5*30*30;1.5;"100m, 100 BioPegs, 3 Docking and 2 Scotchlock";27.2;22.5;BRAK;8544492000;5744003721177;Przewody;15744003721174;0;BRAK
AMROBOTSC017-M;https://am-robots.com/pl/shop/cable/installation-kits/installation-kit-an-all-in-one-solution-for-a-robot-installation/;33899791;"Zestawy instalacyjne (przewód + szpilki + złączki)-M";M;46*28*38;3.5;"250m, 400 BioPegs, 5 Docking and 5 Scotchlock";70.55;58.5;BRAK;8544492000;5744003721030;Przewody;15744003721037;0;BRAK
AMROBOTSC017-XL;https://am-robots.com/pl/shop/cable/installation-kits/installation-kit-an-all-in-one-solution-for-a-robot-installation/;33899792;"Zestawy instalacyjne (przewód + szpilki + złączki)-XL";XL;BRAK;7.5;"500m, 800 BioPegs, 5 Docking and 5 Scotchlock";121.55;98.1;BRAK;8544492000;5744003721054;Przewody;15744003721051;0;BRAK
AMROBOTSC017-L;https://am-robots.com/pl/shop/cable/installation-kits/installation-kit-an-all-in-one-solution-for-a-robot-installation/;33899793;"Zestawy instalacyjne (przewód + szpilki + złączki)-L";L;53*29*38;5.5;"400m, 600 BioPegs, 5 Docking and 5 Scotchlock";101.15;85.5;BRAK;8544492000;5744003721047;Przewody;15744003721044;0;BRAK
AMROBOTSC018;https://am-robots.com/pl/shop/cable/repair-kits/repair-kit/;18270506;"Zestawy naprawcze przewodów";;30*30*20;0.27;"25m, 10 Pegs, 5 Scotchlock";10.2;8.55;BRAK;8544492000;5744003721078;Przewody;15744003721075;0;BRAK
AMROBOTSC018-25m;https://am-robots.com/pl/shop/cable/repair-kits/repair-kit/;18270506;"Zestawy naprawcze przewodów-25m";25m;30*30*20;0.27;"25m, 10 Pegs, 5 Scotchlock";10.2;8.55;BRAK;8544492000;5744003721078;Przewody;15744003721075;0;BRAK
AMROBOTSC018-5m;https://am-robots.com/pl/shop/cable/repair-kits/repair-kit/;45509738;"Zestawy naprawcze przewodów-5m";5m;BRAK;0;"5m, 10 Pegs, 5 Scotchlock";4.675;3.9;BRAK;BRAK;BRAK;Przewody;BRAK;0;BRAK
AMROBOTSC018-50m;https://am-robots.com/pl/shop/cable/repair-kits/repair-kit/;45509743;"Zestawy naprawcze przewodów-50m";50m;22*24*16;0.5;"50m, 15 Pegs, 5 Scotchlock";17.85;14.4;BRAK;8544492000;5744003721085;Przewody;15744003721082;0;BRAK
AMROBOTSC019;https://am-robots.com/pl/shop/cable/safety-cable/38mm-premium-safety-cable/;21333549;"Przewód zbrojony 3,8 mm Premium";;26*26*10,5;3.7;150;72.25;56;BRAK;8544492000;5744003720644;Przewody;BRAK;1;BRAK
AMROBOTSC019-150m;https://am-robots.com/pl/shop/cable/safety-cable/38mm-premium-safety-cable/;21333549;"Przewód zbrojony 3,8 mm Premium-150m";150m;26*26*10,5;3.7;150;72.25;56;BRAK;8544492000;5744003720644;Przewody;BRAK;1;BRAK
AMROBOTSC019-250m;https://am-robots.com/pl/shop/cable/safety-cable/38mm-premium-safety-cable/;21333554;"Przewód zbrojony 3,8 mm Premium-250m";250m;26*26*16,5;5.7;250;115.6;93;BRAK;8544492000;5744003720651;Przewody;BRAK;1;BRAK
AMROBOTSC019-500m;https://am-robots.com/pl/shop/cable/safety-cable/38mm-premium-safety-cable/;21333556;"Przewód zbrojony 3,8 mm Premium-500m";500m;28*28*20.5;11.6;500;231.2;185;BRAK;8544492000;5744003720668;Przewody;BRAK;2;BRAK
AMROBOTSC019-800m;https://am-robots.com/pl/shop/cable/safety-cable/38mm-premium-safety-cable/;21333564;"Przewód zbrojony 3,8 mm Premium-800m";800m;31*31*24.5;18.5;800;369.75;296;BRAK;8544492000;5744003720675;Przewody;BRAK;0;BRAK
AMROBOTSC020;https://am-robots.com/pl/shop/cable/safety-cable/38mm-premium-safety-cable-orange/;24333856;"Przewód bezpieczeństwa Premium 3,8 mm pomarańczowy";;28*28*20.5;11.6;500;231.2;185;BRAK;8544492000;5744003720682;Przewody;BRAK;0;BRAK
AMROBOTSC020-500m;https://am-robots.com/pl/shop/cable/safety-cable/38mm-premium-safety-cable-orange/;24333856;"Przewód bezpieczeństwa Premium 3,8 mm pomarańczowy-500m";500m;28*28*20.5;11.6;500;231.2;185;BRAK;8544492000;5744003720682;Przewody;BRAK;0;BRAK
AMROBOTSC020-800m;https://am-robots.com/pl/shop/cable/safety-cable/38mm-premium-safety-cable-orange/;24333862;"Przewód bezpieczeństwa Premium 3,8 mm pomarańczowy-800m";800m;31*31*24.5;18.5;800;369.75;296;BRAK;8544492000;5744003720699;Przewody;BRAK;0;BRAK
AMROBOTSC021;https://am-robots.com/pl/shop/cable/standard-cable/27-mm-basic-cable-black/;15220166;"Kabel podstawowy 2,7 mm - czarny";;BRAK;0;1000;153;124;BRAK;BRAK;BRAK;BRAK;BRAK;0;BRAK
AMROBOTSC021-1000m;https://am-robots.com/pl/shop/cable/standard-cable/27-mm-basic-cable-black/;15220166;"Kabel podstawowy 2,7 mm - czarny-1000m";1000m;BRAK;0;1000;153;124;BRAK;BRAK;BRAK;BRAK;BRAK;0;BRAK
AMROBOTSC021-800m;https://am-robots.com/pl/shop/cable/standard-cable/27-mm-basic-cable-black/;15290162;"Kabel podstawowy 2,7 mm - czarny-800m";800m;BRAK;0;800;102;88;BRAK;BRAK;BRAK;BRAK;BRAK;0;BRAK
AMROBOTSC022;https://am-robots.com/pl/shop/cable/standard-cable/2-7-mm-standard-boundary-cable/;15223547;"2,7 mm Kabel podstawowy";;34*34*18;0.43;50;8.5;7;BRAK;8544492000;5744003721436;Przewody;15744003721433;0;BRAK
AMROBOTSC022-50m;https://am-robots.com/pl/shop/cable/standard-cable/2-7-mm-standard-boundary-cable/;15223547;"2,7 mm Kabel podstawowy-50m";50m;34*34*18;0.43;50;8.5;7;BRAK;8544492000;5744003721436;Przewody;15744003721433;0;BRAK
AMROBOTSC022-100m;https://am-robots.com/pl/shop/cable/standard-cable/2-7-mm-standard-boundary-cable/;15223548;"2,7 mm Kabel podstawowy-100m";100m;29*29*16;0.8;100;16.15;12;BRAK;8544492000;5744003721429;Przewody;15744003721426;1;BRAK
AMROBOTSC022-150m;https://am-robots.com/pl/shop/cable/standard-cable/2-7-mm-standard-boundary-cable/;15293549;"2,7 mm Kabel podstawowy-150m";150m;26*26*15;1.8;150;21.675;16.2;BRAK;8544492000;5744003720880;Przewody;15744003720887;0;BRAK
AMROBOTSC022-250m;https://am-robots.com/pl/shop/cable/standard-cable/2-7-mm-standard-boundary-cable/;15293551;"2,7 mm Kabel podstawowy-250m";250m;27*27*15;2.7;250;36.125;27.5;BRAK;8544492000;5744003720897;Przewody;15744003720894;1;BRAK
AMROBOTSC022-500m;https://am-robots.com/pl/shop/cable/standard-cable/2-7-mm-standard-boundary-cable/;15293556;"2,7 mm Kabel podstawowy-500m";500m;26*26*12.5;4.8;500;63.75;55;BRAK;8544492000;5744003720903;Przewody;BRAK;1;BRAK
AMROBOTSC022-800m;https://am-robots.com/pl/shop/cable/standard-cable/2-7-mm-standard-boundary-cable/;15293562;"2,7 mm Kabel podstawowy-800m";800m;28*28*16.5;7.3;800;102;88;BRAK;8544492000;5744003720910;Przewody;BRAK;0;BRAK
AMROBOTSC022-1000m;https://am-robots.com/pl/shop/cable/standard-cable/2-7-mm-standard-boundary-cable/;15293566;"2,7 mm Kabel podstawowy-1000m";1000m;28*28*18.5;9.2;1000;153;124;BRAK;8544492000;5744003720927;Przewody;BRAK;0;BRAK
AMROBOTSC023;https://am-robots.com/pl/shop/cable/standard-cable/34-mm-black-standard-cable-copy/;27290156;"3,4 mm Czarny Kabel standardowy";;28*28*15,.5;6;500;78;65;BRAK;8544492000;5744003720866;Przewody;BRAK;0;BRAK
AMROBOTSC023-500m;https://am-robots.com/pl/shop/cable/standard-cable/34-mm-black-standard-cable-copy/;27290156;"3,4 mm Czarny Kabel standardowy-500m";500m;28*28*15,.5;6;500;78;65;BRAK;8544492000;5744003720866;Przewody;BRAK;0;BRAK
AMROBOTSC023-800m;https://am-robots.com/pl/shop/cable/standard-cable/34-mm-black-standard-cable-copy/;27290162;"3,4 mm Czarny Kabel standardowy-800m";800m;30*30*22;9.7;800;141.1;110;BRAK;8544492000;5744003720873;Przewody;BRAK;0;BRAK
AMROBOTSC024;https://am-robots.com/pl/shop/cable/standard-cable/orange-cable-34-mm/;25293856;"3,4 mm Pomarańczowy Kabel Standardowy";;28*28*15,.5;6;500;78;65;BRAK;8544492000;5744003720842;Przewody;BRAK;0;BRAK
AMROBOTSC024-500m;https://am-robots.com/pl/shop/cable/standard-cable/orange-cable-34-mm/;25293856;"3,4 mm Pomarańczowy Kabel Standardowy-500m";500m;28*28*15,.5;6;500;78;65;BRAK;8544492000;5744003720842;Przewody;BRAK;0;BRAK
AMROBOTSC024-800m;https://am-robots.com/pl/shop/cable/standard-cable/orange-cable-34-mm/;25293862;"3,4 mm Pomarańczowy Kabel Standardowy-800m";800m;28*28*22.5;10;800;141.1;110;BRAK;8544492000;5744003720859;Przewody;BRAK;0;BRAK
AMROBOTSC025;https://am-robots.com/pl/shop/connectors/crimping-connector/;55690699;"Złącze zaciskowe";;50*40*55;0.107;"For conductor 1,5mm²-2,5mm²";12.75;9.9;BRAK;55690699;5744003720217;Łączniki;BRAK;1;BRAK
AMROBOTSC025-Niebieski;https://am-robots.com/pl/shop/connectors/crimping-connector/;55690699;"Złącze zaciskowe-Niebieski";Niebieski;50*40*55;0.107;"For conductor 1,5mm²-2,5mm²";12.75;9.9;BRAK;55690699;5744003720217;Łączniki;BRAK;1;BRAK
AMROBOTSC025-Czerwony;https://am-robots.com/pl/shop/connectors/crimping-connector/;55693399;"Złącze zaciskowe-Czerwony";Czerwony;50*40*55;0.085;"For conductor 0,5mm²-1,5mm²";9.35;7.2;BRAK;55693399;5744003721153;Łączniki;BRAK;1;BRAK
AMROBOTSC026;https://am-robots.com/pl/shop/connectors/docing-station-connector/;50690698;"Złącze stacji dokującej - niebieskie";;BRAK;0.1;"For conductors at 1mm²-1,5mm²";23.8;15.3;BRAK;8547200090;5744003720170;Łączniki;15744003720214;1;BRAK
AMROBOTSC026-100 szt.;https://am-robots.com/pl/shop/connectors/docing-station-connector/;50690698;"Złącze stacji dokującej - niebieskie-100 szt.";"100 szt.";BRAK;0.1;"For conductors at 1mm²-1,5mm²";23.8;15.3;BRAK;8547200090;5744003720170;Łączniki;15744003720214;1;BRAK
AMROBOTSC026-5 szt.;https://am-robots.com/pl/shop/connectors/docing-station-connector/;50950698;"Złącze stacji dokującej - niebieskie-5 szt.";"5 szt.";BRAK;0.01;"For conductors at 1mm²-1,5mm²";2.38;1.98;BRAK;8547200090;5744003721139;Łączniki;BRAK;0;BRAK
AMROBOTSC027;https://am-robots.com/pl/shop/connectors/docking-station-connector-red-100-pcs/;50053370;"Złącze stacji dokującej - czerwone";;BRAK;0.01;"For conductors at 0,5mm²-1mm²";2.295;1.89;BRAK;8547200090;5744003721115;Łączniki;BRAK;0;BRAK
AMROBOTSC027-5 szt.;https://am-robots.com/pl/shop/connectors/docking-station-connector-red-100-pcs/;50053370;"Złącze stacji dokującej - czerwone-5 szt.";"5 szt.";BRAK;0.01;"For conductors at 0,5mm²-1mm²";2.295;1.89;BRAK;8547200090;5744003721115;Łączniki;BRAK;0;BRAK
AMROBOTSC027-100 szt.;https://am-robots.com/pl/shop/connectors/docking-station-connector-red-100-pcs/;50953399;"Złącze stacji dokującej - czerwone-100 szt.";"100 szt.";BRAK;0.1;"For conductors at 0,5mm²-1mm²";21.25;17.1;BRAK;8547200090;5744003720194;Łączniki;15744003720207;1;BRAK
AMROBOTSS038;https://am-robots.com/pl/shop/connectors/guide-cable-heat-shrink-connector/;53692376;"Złącze termokurczliwe kabla prowadzącego";BRAK;BRAK;0;"Tin sealed with shrinkable plastic for 2 x 3,4mm² cable";40.8;32.4;BRAK;BRAK;BRAK;Łączniki;BRAK;1;BRAK
AMROBOTSS039;https://am-robots.com/pl/shop/connectors/heat-shrink-connector/;53691698;"Złącze termokurczliwe (100 szt.)";BRAK;BRAK;0.008;"Tin sealed with shrinkable plastic";27.2;21.6;BRAK;8547200090;5744003721146;Łączniki;BRAK;1;BRAK
AMROBOTSS040;https://am-robots.com/pl/shop/connectors/heat-shrink-repair-kit-10-cm/;53989924;"Zestaw naprawczy termokurczliwy - 10 cm";BRAK;BRAK;0.085;"Used to connect shortened wire breaks";8.5;6.75;BRAK;8547200090;5744003720279;Łączniki;BRAK;1;BRAK
AMROBOTSC028;https://am-robots.com/pl/shop/connectors/heat-shrink-tube-32mm-64mm/;53959720;"Rura termokurczliwa 1,1mm-6,4mm";;BRAK;0.076;"Heat shrink tubes with gel inside. ";5.95;4.5;BRAK;4013900000;5744003720231;Łączniki;BRAK;1;BRAK
AMROBOTSC028-1,1mm do 3,1mm (100 szt.);https://am-robots.com/pl/shop/connectors/heat-shrink-tube-32mm-64mm/;53959720;"Rura termokurczliwa 1,1mm-6,4mm-1,1mm do 3,1mm (100 szt.)";"1,1mm do 3,1mm (100 szt.)";BRAK;0.076;"Heat shrink tubes with gel inside. ";5.95;4.5;BRAK;4013900000;5744003720231;Łączniki;BRAK;1;BRAK
AMROBOTSC028-1,8mm do 4,6mm (100 szt.);https://am-robots.com/pl/shop/connectors/heat-shrink-tube-32mm-64mm/;53959722;"Rura termokurczliwa 1,1mm-6,4mm-1,8mm do 4,6mm (100 szt.)";"1,8mm do 4,6mm (100 szt.)";BRAK;0.129;"Heat shrink tubes with gel inside. ";7.65;6.3;BRAK;4013900000;5744003720248;Łączniki;BRAK;1;BRAK
AMROBOTSC028-2,4mm do 6,4mm (100 szt.);https://am-robots.com/pl/shop/connectors/heat-shrink-tube-32mm-64mm/;53959723;"Rura termokurczliwa 1,1mm-6,4mm-2,4mm do 6,4mm (100 szt.)";"2,4mm do 6,4mm (100 szt.)";BRAK;0.153;"Heat shrink tubes with gel inside. ";8.5;7.2;BRAK;4013900000;5744003720255;Łączniki;BRAK;1;BRAK
AMROBOTSC029;https://am-robots.com/pl/shop/connectors/pro-guide-cable-connector/;52530698;"Złącze kabla prowadzącego Pro Guide";;BRAK;0.015;"For Automower guide cable";6.8;5.4;BRAK;8547200090;5744003721306;Łączniki;BRAK;0;BRAK
AMROBOTSC029-4 szt.;https://am-robots.com/pl/shop/connectors/pro-guide-cable-connector/;52530698;"Złącze kabla prowadzącego Pro Guide-4 szt.";"4 szt.";BRAK;0.015;"For Automower guide cable";6.8;5.4;BRAK;8547200090;5744003721306;Łączniki;BRAK;0;BRAK
AMROBOTSC029-100 szt.;https://am-robots.com/pl/shop/connectors/pro-guide-cable-connector/;52690698;"Złącze kabla prowadzącego Pro Guide-100 szt.";"100 szt.";BRAK;0.4;"For Automower guide cable";84.15;67.5;BRAK;8547200090;5744003720187;Łączniki;BRAK;1;BRAK
AMROBOTSC030;https://am-robots.com/pl/shop/connectors/pro-heat-shrink-kit/;53599474;"Zestaw Pro Heat Shrink Kit (podwójny termokurczliwy)";;BRAK;0.046;"Double layer repair kits. For professionals";5.95;4.5;BRAK;4013900000;5744003721337;Łączniki;BRAK;1;BRAK
AMROBOTSC030-10 szt.;https://am-robots.com/pl/shop/connectors/pro-heat-shrink-kit/;53599474;"Zestaw Pro Heat Shrink Kit (podwójny termokurczliwy)-10 szt.";"10 szt.";BRAK;0.046;"Double layer repair kits. For professionals";5.95;4.5;BRAK;4013900000;5744003721337;Łączniki;BRAK;1;BRAK
AMROBOTSC030-50 szt.;https://am-robots.com/pl/shop/connectors/pro-heat-shrink-kit/;53689475;"Zestaw Pro Heat Shrink Kit (podwójny termokurczliwy)-50 szt.";"50 szt.";BRAK;0.14;"Double layer repair kits. For professionals";16.15;12.6;BRAK;4013900000;5744003721115;Łączniki;BRAK;1;BRAK
AMROBOTSS041;https://am-robots.com/pl/shop/connectors/repair-tape-extreme-10m/;47470139;"Repair Tape Extreme - 10m";BRAK;40*48*20;0.2875;"10m Water resistant and long lasting tape";9.35;7.2;BRAK;3919109900;5744003721450;Łączniki;15744003721457;1;BRAK
AMROBOTSS042;https://am-robots.com/pl/shop/connectors/robot-redirect/;81939778;"Robot ReDirect";BRAK;58*16*40;0.08;"Switch for Not Mowing areas";27.2;21.6;BRAK;8547200090;5744003721450;Łączniki;BRAK;8;BRAK
AMROBOTSC031;https://am-robots.com/pl/shop/connectors/scotchlock/;54541298;"314 Złącze";;BRAK;0.025;"Connect 3 wires (Waterproff)";2.295;1.65;BRAK;8547200090;5744003721122;Łączniki;BRAK;0;BRAK
AMROBOTSC031-5 szt.;https://am-robots.com/pl/shop/connectors/scotchlock/;54541298;"314 Złącze-5 szt.";"5 szt.";BRAK;0.025;"Connect 3 wires (Waterproff)";2.295;1.65;BRAK;8547200090;5744003721122;Łączniki;BRAK;0;BRAK
AMROBOTSC031-100 szt.;https://am-robots.com/pl/shop/connectors/scotchlock/;54691298;"314 Złącze-100 szt.";"100 szt.";46*30*24;0.4;"Connect 3 wires (Waterproff)";30.6;24.3;BRAK;8547200090;5744003720224;Łączniki;15744003720177;0;BRAK
AMROBOTSS043;https://am-robots.com/pl/shop/garages/alpine-garage-nature/;38874298;"Garaż alpejski - natura";BRAK;77*79*15;13;"Medium and Small robots garage  (RTK)";109.65;94.5;BRAK;"44 21 99 99 99";5744003720019;Garaże;BRAK;1;BRAK
AMROBOTSS044;https://am-robots.com/pl/shop/garages/ambrogio-400l-garage/;38989998;"Ambrogio 400L Garaż";BRAK;BRAK;10;"Fits Ambrogio robots L400";950;850;BRAK;7606123000;5744003720118;Garaże;BRAK;0;BRAK
AMROBOTSC032;https://am-robots.com/pl/shop/garages/am-garage-1/;38501696;"AM Garaż 1";;80*58,6*6,5;6;"Budget garage/ Medium size/ UV protected  (RTK)";51;41;BRAK;9403700000;5744003721498;Garaże;BRAK;1;BRAK
AMROBOTSC032-M;https://am-robots.com/pl/shop/garages/am-garage-1/;38501696;"AM Garaż 1-M";M;80*58,6*6,5;6;"Budget garage/ Medium size/ UV protected  (RTK)";51;41;BRAK;9403700000;5744003721498;Garaże;BRAK;1;BRAK
AMROBOTSC032-L;https://am-robots.com/pl/shop/garages/am-garage-1/;38501697;"AM Garaż 1-L";L;104*74*7;9;"Budget garage/ Big size  (RTK)";63.75;51;BRAK;9403700000;5744003720088;Garaże;BRAK;1;BRAK
AMROBOTSS045;https://am-robots.com/pl/shop/garages/bigmow-sponsor-home/;38999998;"BIGMOW - Sponsor Home";BRAK;162*67*33;48;"Fits all BIGMOW models, sponsor options";1399;1200;BRAK;"46 21 99 99 99";5744003720125;Garaże;BRAK;0;BRAK
AMROBOTSS046;https://am-robots.com/pl/shop/garages/c-home/;38501699;"C-Home (kompatybilny z Ceora)";BRAK;160*120*80;35;"Perfect garage for the Ceora Robot";1200;1199;BRAK;7606123000;5744003721634;Garaże;BRAK;0;BRAK
AMROBOTSS047;https://am-robots.com/pl/shop/garages/flowerpot-2in1-garage-from-am-robots/;38981098;"Garaż na doniczki 2w1 - biały";BRAK;BRAK;0;"Flower pot garage";109.65;94.5;BRAK;BRAK;BRAK;BRAK;BRAK;0;BRAK
AMROBOTSS048;BRAK;38943398;"Mój robot domowy Compact Red";BRAK;76*83*52,5;12;"";0;0;BRAK;"";0;Garaże;BRAK;0;BRAK
AMROBOTSS049;https://am-robots.com/pl/shop/garages/my-robot-home-compact-white-grey/;38981089;"Mój robot domowy Compact";BRAK;76*83*52,5;12;"Auto-Mechanical door for Small robots (RTK)";174.25;139.5;BRAK;"47 21 99 99 99";5744003721092;Garaże;BRAK;3;BRAK
AMROBOTSS050;https://am-robots.com/pl/shop/garages/my-robot-home-plus/;38981097;"MY ROBOT HOME PLUS";BRAK;119*73*20;30;"Auto-Mechanical Door - BESTSELLER (RTK)";220.15;175.5;BRAK;"44 21 99 99 99";5744003720149;Garaże;BRAK;3;BRAK
AMROBOTSS051;https://am-robots.com/pl/shop/garages/my-robot-home-plus-limited-edition/;38983397;"MY ROBOT HOME PLUS - edycja limitowana";BRAK;BRAK;0;"Auto-Mechanical Door (Limited edition) (RTK)";220.15;175.5;BRAK;BRAK;BRAK;BRAK;BRAK;1;BRAK
AMROBOTSS052;https://am-robots.com/pl/shop/garages/my-robot-home-w-automatic-door-natural/;38994299;"MY ROBOT HOME z automatycznymi drzwiami - Naturalny";BRAK;118*71*18;24;"Auto-Mechanical Door (RTK)";186.15;148.5;BRAK;"49 21 99 99 99";5744003720163;Garaże;BRAK;1;BRAK
AMROBOTSS053;https://am-robots.com/pl/shop/garages/navi-home-rtk-garage/;38983899;"Navi Home (RTK Garage)";BRAK;74,5*68*16.5;5;"Shelter for the RTK robots";147.05;128;BRAK;"44 21 99 99 99";5744003721566;Garaże;BRAK;1;BRAK
AMROBOTSS054;https://am-robots.com/pl/shop/garages/robot-shelter/;38969799;"Schronienie dla robotów";BRAK;116*80*4;4;"Fits medium size robots up to 2.000m²";68;47.7;BRAK;7606123000;5744003720101;Garaże;BRAK;1;BRAK
AMROBOTSC033;https://am-robots.com/pl/shop/garages/the-cube/;38980295;Sześcian;;100*72*10;13;"Wooden Cube shaped garage (medium)  (RTK)";92.65;81;BRAK;"44 21 99 99 99";5744003720071;Garaże;BRAK;1;BRAK
AMROBOTSC033-Średni naturalny;https://am-robots.com/pl/shop/garages/the-cube/;38980295;Sześcian-Średni naturalny;"Średni naturalny";100*72*10;13;"Wooden Cube shaped garage (medium)  (RTK)";92.65;81;BRAK;"44 21 99 99 99";5744003720071;Garaże;BRAK;1;BRAK
AMROBOTSC033-Duży naturalny;https://am-robots.com/pl/shop/garages/the-cube/;38980296;Sześcian-Duży naturalny;"Duży naturalny";114*82*11;16;"Wooden Cube shaped garage  (RTK)";109.65;94.5;BRAK;"44 21 99 99 99";5744003720064;Garaże;BRAK;1;BRAK
AMROBOTSC033-Średni czarny;https://am-robots.com/pl/shop/garages/the-cube/;38980298;Sześcian-Średni czarny;"Średni czarny";100*72*10;13;"Wooden Cube shaped garage (medium)  (RTK)";92.65;81;BRAK;"44 21 99 99 99";5744003720057;Garaże;BRAK;0;BRAK
AMROBOTSC033-Duży czarny;https://am-robots.com/pl/shop/garages/the-cube/;38980299;Sześcian-Duży czarny;"Duży czarny";114*82*11;16;"Wooden Cube shaped garage (RTK)";109.65;94.5;BRAK;"44 21 99 99 99";5744003720040;Garaże;BRAK;2;BRAK
AMROBOTSS055;https://am-robots.com/pl/shop/garages/universal-garage/;38969998;"Garaż uniwersalny";BRAK;73*60*12;8;"Fits all robot mowers up to 5.000m²";109.65;94.5;BRAK;7606123000;5744003720095;Garaże;BRAK;1;BRAK
AMROBOTSS056;https://am-robots.com/pl/shop/garages/wooden-shelter-wall-mounted/;38874299;"Schronienie drewniane - naścienne";BRAK;57*58*7;5;"Wall mounted roof over docking station";40.8;32.4;BRAK;"44 21 99 99 99";5744003721320;Garaże;BRAK;1;BRAK
AMROBOTSC034;https://am-robots.com/pl/shop/others/am-hybrid-grass/;57504114;"AM Trawa hybrydowa";;21*27*9;0.58;"Artificial grass for better robot grip with the lawn";17;13.5;BRAK;5703310000;5744003721245;Inne;15744003721242;0;BRAK
AMROBOTSC034-BRAK;https://am-robots.com/pl/shop/others/am-hybrid-grass/;57504114;"AM Trawa hybrydowa-BRAK";BRAK;21*27*9;0.58;"Artificial grass for better robot grip with the lawn";17;13.5;BRAK;5703310000;5744003721245;Inne;15744003721242;0;BRAK
AMROBOTSC034-BRAK;https://am-robots.com/pl/shop/others/am-hybrid-grass/;57504135;"AM Trawa hybrydowa-BRAK";BRAK;BRAK;0;"Artificial grass for better robot grip with the lawn";79.05;67.5;BRAK;BRAK;BRAK;BRAK;BRAK;0;BRAK
AMROBOTSC035;https://am-robots.com/pl/shop/others/cable-machines/cable-machine-blades/;90474584;"Ostrza do maszyn linowych";;10*20*10;0.1;"Hardener steel, Reversible blade";84.15;67.5;BRAK;8208400000;5744003721344;Noże;BRAK;0;BRAK
AMROBOTSC035-AM Heavy Duty Reversable Blade 600MH;https://am-robots.com/pl/shop/others/cable-machines/cable-machine-blades/;90474584;"Ostrza do maszyn linowych-AM Heavy Duty Reversable Blade 600MH";"AM Heavy Duty Reversable Blade 600MH";10*20*10;0.1;"Hardener steel, Reversible blade";84.15;67.5;BRAK;8208400000;5744003721344;Noże;BRAK;0;BRAK
AMROBOTSC035-CL400/CLH Drill Bit Blade 4mm;https://am-robots.com/pl/shop/others/cable-machines/cable-machine-blades/;90879978;"Ostrza do maszyn linowych-CL400/CLH Drill Bit Blade 4mm";"CL400/CLH Drill Bit Blade 4mm";50*40*20;0.1;"Hardener steel 4mm";12.75;9.9;BRAK;8208400000;5744003721405;Noże;BRAK;0;BRAK
AMROBOTSS057;https://am-robots.com/pl/shop/others/cable-machines/cable-machine-terra-800/;90973596;"Maszyna kablowa - Terra 800";BRAK;BRAK;0;"Loncil engine, drill bit system, 600m/h";1499;1399;BRAK;8432291000;5744003721573;Inne;BRAK;0;BRAK
AMROBOTSS058;https://am-robots.com/pl/shop/others/cable-machines/portable-winch-cable-machine-pwm600mh/;90979796;"Przenośna maszyna do układania kabli - benzyna PWM600MH";BRAK;56*46*125;38;"Honda Petrol cable machine";2650;2600;BRAK;8432291000;5744003721399;Inne;BRAK;0;BRAK
AMROBOTSS059;https://am-robots.com/pl/shop/others/cable-machines/pro-meter-wheel/;89879499;"Koło Pro Meter";BRAK;50*40*32;1;"Used to measure Intallation cable length";27.2;21.6;BRAK;9015804000;5744003721443;Inne;BRAK;0;BRAK
AMROBOTSS060;https://am-robots.com/pl/shop/others/cable-machines/pwm-600mh-li-cable-machine/;90978896;"PWM 600MH-Li Maszyna kablowa";BRAK;56*46*125cm;38;"Battery driven cable machine(battery excl.)";2250;2200;BRAK;8432291000;5744003721184;Inne;BRAK;0;BRAK
AMROBOTSS061;https://am-robots.com/pl/shop/others/cleaning-tool/cleaning-kit/;62899397;"Zestaw do czyszczenia";BRAK;BRAK;0;"Maintainance kit for the robot";12.75;10.125;BRAK;BRAK;BRAK;BRAK;BRAK;0;BRAK
AMROBOTSS062;https://am-robots.com/pl/shop/others/cleaning-tool/max-jet-cleaning-tool/;62980183;"Narzędzie czyszczące MAX Jet";BRAK;BRAK;0;"Portable air cleaning tool";27.2;23.4;BRAK;BRAK;BRAK;BRAK;BRAK;0;BRAK
AMROBOTSC036;https://am-robots.com/pl/shop/others/heat-gun/heat-gun/;62691699;"Opalarka akumulatorowa";;40*40*30;2.3;"Used for our Heat shrink Connectors/tubes";110.5;90;BRAK;8467229000;5744003720934;Inne;15744003720931;0;BRAK
AMROBOTSC036-Pistolet grzewczy;https://am-robots.com/pl/shop/others/heat-gun/heat-gun/;62691699;"Opalarka akumulatorowa-Pistolet grzewczy";"Pistolet grzewczy";40*40*30;2.3;"Used for our Heat shrink Connectors/tubes";110.5;90;BRAK;8467229000;5744003720934;Inne;15744003720931;0;BRAK
AMROBOTSC036-Dodatkowa bateria;https://am-robots.com/pl/shop/others/heat-gun/heat-gun/;70509598;"Opalarka akumulatorowa-Dodatkowa bateria";"Dodatkowa bateria";30*20*30;0.7;"Li-Ion 18V 4AH";55.25;45;BRAK;8506509090;5744003721238;Inne;15744003721235;0;BRAK
AMROBOTSS063;https://am-robots.com/pl/shop/others/trackers/am-pro-tracker-plus/;60509397;"AM Pro Tracker Plus";BRAK;25*30*40;1;"Professional cable tracker";157.25;135;BRAK;9028301100;5744003721221;Inne;15744003721228;0;BRAK
AMROBOTSS064;https://am-robots.com/pl/shop/others/trackers/basic-cable-tracker/;60503597;"Śledzenie podstawowych kabli";BRAK;55*46*27;0.45;"Only for cable above ground";14.45;12;BRAK;9028301100;5744003720002;Inne;15744003720009;0;BRAK
AMROBOTSC037;https://am-robots.com/pl/shop/others/winter-box/winter-box/;46503597;"Winter Box";;BRAK;0;0;0;0;BRAK;BRAK;BRAK;Inne;BRAK;0;BRAK
AMROBOTSC037-Kołki w zestawie;https://am-robots.com/pl/shop/others/winter-box/winter-box/;46503597;"Winter Box-Kołki w zestawie";"Kołki w zestawie";BRAK;0;0;0;0;BRAK;BRAK;BRAK;Inne;BRAK;0;BRAK
AMROBOTSC037-Bez kołków;https://am-robots.com/pl/shop/others/winter-box/winter-box/;46504297;"Winter Box-Bez kołków";"Bez kołków";BRAK;0;"Sealed Waterproof box for cables";4.25;3.33;BRAK;BRAK;BRAK;Inne;BRAK;0;BRAK
AMROBOTSS065;https://am-robots.com/pl/shop/others/wirestripper/wire-stripper-5in1/;60503581;"A-M Stripper do przewodów 5w1";BRAK;28,5*14*19;0.29;"Adjustable wire stripper for all cable types";27.2;21.6;BRAK;8203200000;5744003720958;Inne;15744003720955;0;BRAK
AMROBOTSS066;https://am-robots.com/pl/shop/pegs/biodegradable-pegs/bio-plastic-pegs-degradable-2-years/;40690124;"Biodegradowalne kołki 100 sztuk (kompostowalne)";BRAK;58*22*27;0.45;"Biodegradable plastic (1-2 years)  ";7.65;6;BRAK;39269097;5744003720286;Szpilki;15744003720962;1;BRAK
AMROBOTSS067;https://am-robots.com/pl/shop/pegs/biodegradable-pegs/extreme-biodegradable-pegs-compostable/;40690126;"Ekstremalne kołki biodegradowalne (kompostowalne)";BRAK;52*22*32;0.51;"Biodegradable plastic (1-2 years)  ";7.65;6;BRAK;39269097;5744003720965;Szpilki;15744003720986;1;BRAK
AMROBOTSC038;https://am-robots.com/pl/shop/pegs/docking-station-pegs/docking-station-pegs/;41550126;"18 cm. Kołki stacji dokującej";;40*20,5*20;0.118;"Used to secure the docking station to the ground";3.4;2.7;BRAK;39269097;5744003720972;Szpilki;15744003721181;1;BRAK
AMROBOTSC038-6 szt.;https://am-robots.com/pl/shop/pegs/docking-station-pegs/docking-station-pegs/;41550126;"18 cm. Kołki stacji dokującej-6 szt.";"6 szt.";40*20,5*20;0.118;"Used to secure the docking station to the ground";3.4;2.7;BRAK;39269097;5744003720972;Szpilki;15744003721181;1;BRAK
AMROBOTSC038-1000 szt.;https://am-robots.com/pl/shop/pegs/docking-station-pegs/docking-station-pegs/;41550127;"18 cm. Kołki stacji dokującej-1000 szt.";"1000 szt.";BRAK;0;0;0;0;BRAK;BRAK;BRAK;BRAK;BRAK;0;BRAK
AMROBOTSS068;https://am-robots.com/pl/shop/pegs/plastic-pegs/extreme-plastic-pegs-85cm/;40690125;"Extreme Plastic Pegs 8,5cm";BRAK;22*33*53;0.33;"Good for soft ground";5.95;4.5;BRAK;39269097;5744003720989;Szpilki;15744003720993;1;BRAK
AMROBOTSS069;https://am-robots.com/pl/shop/pegs/plastic-pegs/plastic-pegs-85cm/;40690123;"Szpilki montażowe 8,5cm";BRAK;25*35*50;0.41;"Used to fix the cable to the ground";5.95;4.5;BRAK;39269097;5744003720996;Szpilki;15744003720979;1;BRAK
AMROBOTSC039;https://am-robots.com/pl/shop/robot-mowers/storm-2000-4000-6000/;66892089;"STORM 2000 | 4000 | 6000";;BRAK;0;0;0;0;BRAK;BRAK;BRAK;Kosiarki-roboty;BRAK;0;BRAK
AMROBOTSC039-STORM2000;https://am-robots.com/pl/shop/robot-mowers/storm-2000-4000-6000/;66892089;"STORM 2000 | 4000 | 6000-STORM2000";STORM2000;BRAK;0;0;0;0;BRAK;BRAK;BRAK;Kosiarki-roboty;BRAK;0;BRAK
AMROBOTSC039-STORM4000;https://am-robots.com/pl/shop/robot-mowers/storm-2000-4000-6000/;66892091;"STORM 2000 | 4000 | 6000-STORM4000";STORM4000;BRAK;0;0;0;0;BRAK;BRAK;BRAK;Kosiarki-roboty;BRAK;0;BRAK
AMROBOTSC039-STORM64000;https://am-robots.com/pl/shop/robot-mowers/storm-2000-4000-6000/;66892093;"STORM 2000 | 4000 | 6000-STORM64000";STORM64000;BRAK;0;0;0;0;BRAK;BRAK;BRAK;Kosiarki-roboty;BRAK;0;BRAK
