url;external_sku;name;length;dimension;weight;Meters;Dealer;Distributor;;"Commodity codes";GTIN-13;Kategoria;GTIN-14;"Ilość w domu";;short_description;description
BRAK;200299;;;31*31*31;0,27;;;;;8507600090;3564092002993;Inne;3564093002992;;;;
https://am-robots.com/pl/shop/batteries/al-ko-robolinho/al-ko-robolinho-oem-440454-3000-4000-82-8-116-al-al02/;200300;"AL-KO Robolinho OEM: 440454 (3000 / 4000 / 82.8 /116) - AL-AL02";;34,5*29*24,5;0,69;;;;;8507600090;3564092003006;Inne;3564093003005;;;"<p><strong>Akumulatory AXCELL Robot to kompatybilne typy akumulatorów zbudowane zgodnie ze specyfikacjami OE.</strong></p>
<p>Dostępne w różnych technologiach (NiMH, Li-Ion lub LiFePo4), akumulatory te są przeznaczone do intensywnego ładowania i rozładowywania oraz opracowane z najwyższej klasy funkcjami bezpieczeństwa. Idealne do zapewnienia robotowi dużej autonomii podczas pracy!</p>
<p>Korzyści:</p>
<p>Kompatybilny typ akumulatora - zgodny ze specyfikacją OE</p>
<p>Wysoka żywotność - wysokiej jakości ogniwa litowe</p>
<p>Niski poziom samorozładowania - Długi okres trwałości i idealny do użytku sezonowego</p>
<p>Montaż w wielu pozycjach - nawet do góry nogami</p>
<p>Obejmuje większość parków - Obejmuje ponad 200 modeli robotów</p>
<p>Wyposażony w najwyższej klasy funkcje bezpieczeństwa - zintegrowany BMS</p>";"<h2>Opis</h2>

<p>Specyfikacje: Napięcie: 25,2V. Pojemność: 5AH. Moc: 126WH</p>
<p>Funkcja zabezpieczeń (PMC): Zabezpieczenie przed przeładowaniem, zabezpieczenie przed nadmiernym rozładowaniem, zabezpieczenie nadprądowe, zabezpieczenie temperaturowe, funkcja równoważenia.</p>
<p>Temperatura pracy: Temperatura ładowania: 0C do 45C. Temperatura rozładowania: -10C do 60C. Temperatura przechowywania: 0C do 40C</p>
<p>Wymiary i waga: Długość (L): 128mm (+/- 2mm). Szerokość (W): 69mm (+/- 2mm). Wysokość (H): 50 mm (+/- 2 mm). Waga: 0,69 kg.</p>
<p> </p>
<p>1 rok gwarancji</p>"
https://am-robots.com/pl/shop/batteries/ambrogio-batteries/ambrogio-oem-cs_c0106-1-type-l100-serie-al-st01/;200301;"AMBROGIO OEM: CS_C0106/1 (Typ L100 Serie) - AL-ST01";;34,5*29*24,5;1,15;;;;;8507600090;3564092003013;Inne;3564093003012;;;"<p><strong>Akumulatory AXCELL Robot to kompatybilne typy akumulatorów zbudowane zgodnie ze specyfikacjami OE. </strong></p>
<p>Dostępne w różnych technologiach (NiMH, Li-Ion lub LiFePo4), akumulatory te są przeznaczone do intensywnego ładowania i rozładowywania oraz opracowane z najwyższej klasy funkcjami bezpieczeństwa. Idealne do zapewnienia robotowi dużej autonomii podczas pracy!</p>
<p>Korzyści:</p>
<p>Kompatybilny typ akumulatora - zgodny ze specyfikacją OE</p>
<p>Wysoka żywotność - wysokiej jakości ogniwa litowe</p>
<p>Niski poziom samorozładowania - Długi okres trwałości i idealny do użytku sezonowego</p>
<p>Montaż w wielu pozycjach - nawet do góry nogami</p>
<p>Obejmuje większość parków - Obejmuje ponad 200 modeli robotów</p>
<p>Wyposażony w najwyższej klasy funkcje bezpieczeństwa - zintegrowany BMS</p>";"<h2>Opis</h2>

<p>Specyfikacje: Napięcie: 25,2V. Pojemność: 8,7AH. Moc: 219,2WH.</p>
<p>Funkcja zabezpieczeń (PMC): Zabezpieczenie przed przeładowaniem, zabezpieczenie przed nadmiernym rozładowaniem, zabezpieczenie nadprądowe, zabezpieczenie temperaturowe, funkcja równoważenia.</p>
<p>Temperatura pracy: Temperatura ładowania: 0C do 45C. Temperatura rozładowania: -10C do 60C. Temperatura przechowywania: 0C do 40C.</p>
<p>Wymiary i waga: Długość (L): 150mm (+/- 2mm). Szerokość (W): 64mm (+/- 2mm). Wysokość (H): 93 mm (+/- 2 mm). Waga: 1,15 kg.</p>
<p> </p>
<p>1 rok gwarancji</p>"
https://am-robots.com/pl/shop/batteries/ambrogio-batteries/ambrogio-oem-cs-c0114-type-l200-l300-serie-al-st02/;200302;"AMBROGIO OEM: CS C0114 (Typ L200/ L300 Serie) - AL-ST02";;36*25*23;2,32;;;;;8507600090;3564092003020;Inne;3564093003029;;;"<p><strong>Akumulatory AXCELL Robot to kompatybilne typy akumulatorów zbudowane zgodnie ze specyfikacjami OE. </strong></p>
<p>Dostępne w różnych technologiach (NiMH, Li-Ion lub LiFePo4), akumulatory te są przeznaczone do intensywnego ładowania i rozładowywania oraz opracowane z najwyższej klasy funkcjami bezpieczeństwa. Idealne do zapewnienia robotowi dużej autonomii podczas pracy!</p>
<p>Korzyści:</p>
<p>Kompatybilny typ akumulatora - zgodny ze specyfikacją OE</p>
<p>Wysoka żywotność - wysokiej jakości ogniwa litowe</p>
<p>Niski poziom samorozładowania - Długi okres trwałości i idealny do użytku sezonowego</p>
<p>Montaż w wielu pozycjach - nawet do góry nogami</p>
<p>Obejmuje większość parków - Obejmuje ponad 200 modeli robotów</p>
<p>Wyposażony w najwyższej klasy funkcje bezpieczeństwa - zintegrowany BMS</p>";"<h2>Opis</h2>

<p>Specyfikacje: Napięcie: 25,2V. Pojemność: 13,8AH. Moc: 347,8WH</p>
<p>Funkcja zabezpieczeń (PMC): Zabezpieczenie przed przeładowaniem, zabezpieczenie przed nadmiernym rozładowaniem, zabezpieczenie nadprądowe, zabezpieczenie temperaturowe, funkcja równoważenia.</p>
<p>Temperatura pracy: Temperatura ładowania: 0C do 45C. Temperatura rozładowania: -10C do 60C. Temperatura przechowywania: 0C do 40C</p>
<p>Wymiary i waga: Długość (L): 302mm (+/- 2mm). Szerokość (W): 156.8mm (+/- 2mm). Wysokość (H): 41 mm (+/- 2 mm). Waga: 2,32 kg.</p>
<p> </p>
<p>1 rok gwarancji</p>"
https://am-robots.com/pl/shop/batteries/ambrogio-batteries/ambrogio-oem-075z01300a-l30-l75-l85-al-st03/;200303;"AMBROGIO OEM: 075Z01300A (L30/L75/L85) - AL-ST03";;27*18*26;0,5;;;;;8507600090;3564092003037;Inne;3564093003036;;;"<p><strong>Akumulatory AXCELL Robot to kompatybilne typy akumulatorów zbudowane zgodnie ze specyfikacjami OE. </strong></p>
<p>Dostępne w różnych technologiach (NiMH, Li-Ion lub LiFePo4), akumulatory te są przeznaczone do intensywnego ładowania i rozładowywania oraz opracowane z najwyższej klasy funkcjami bezpieczeństwa. Idealne do zapewnienia robotowi dużej autonomii podczas pracy!</p>
<p>Korzyści:</p>
<p>Kompatybilny typ akumulatora - zgodny ze specyfikacją OE</p>
<p>Wysoka żywotność - wysokiej jakości ogniwa litowe</p>
<p>Niski poziom samorozładowania - Długi okres trwałości i idealny do użytku sezonowego</p>
<p>Montaż w wielu pozycjach - nawet do góry nogami</p>
<p>Obejmuje większość parków - Obejmuje ponad 200 modeli robotów</p>
<p>Wyposażony w najwyższej klasy funkcje bezpieczeństwa - zintegrowany BMS</p>";"<h2>Opis</h2>

<p>Specyfikacje: Napięcie: 25,2V. Pojemność: 2,3AH. Moc: 58WH.</p>
<p>Funkcja zabezpieczeń (PMC): Zabezpieczenie przed przeładowaniem, zabezpieczenie przed nadmiernym rozładowaniem, zabezpieczenie nadprądowe, zabezpieczenie temperaturowe, funkcja równoważenia.</p>
<p>Temperatura pracy: Temperatura ładowania: 0C do 45C. Temperatura rozładowania: -10C do 60C. Temperatura przechowywania: 0C do 40C</p>
<p>Wymiary i waga: Długość (L): 144mm (+/- 2mm). Szerokość (W): 76.9mm (+/- 2mm). Wysokość (H): 38 mm (+/- 2 mm). Waga: 0,46 kg.</p>
<p> </p>
<p>1 rok gwarancji</p>"
https://am-robots.com/pl/shop/batteries/indigo/indigo-oem-3-600-ha2-000-800-1300-3600-10c-13c-al-bs01/;200304;"Indego OEM: 3 600 HA2 000 (800 - 1300 / 3600 / 10C/13C) - AL-BS01";;36*25*23;0,96;;;;;8507600090;3564092003044;Inne;3564093003043;;;"<p><strong>Akumulatory AXCELL Robot to kompatybilne typy akumulatorów zbudowane zgodnie ze specyfikacjami OE. </strong></p>
<p>Dostępne w różnych technologiach (NiMH, Li-Ion lub LiFePo4), akumulatory te są przeznaczone do intensywnego ładowania i rozładowywania oraz opracowane z najwyższej klasy funkcjami bezpieczeństwa. Idealne do zapewnienia robotowi dużej autonomii podczas pracy!</p>
<p>Korzyści:</p>
<p>Kompatybilny typ akumulatora - zgodny ze specyfikacją OE</p>
<p>Wysoka żywotność - wysokiej jakości ogniwa litowe</p>
<p>Niski poziom samorozładowania - Długi okres trwałości i idealny do użytku sezonowego</p>
<p>Montaż w wielu pozycjach - nawet do góry nogami</p>
<p>Obejmuje większość parków - Obejmuje ponad 200 modeli robotów</p>
<p>Wyposażony w najwyższej klasy funkcje bezpieczeństwa - zintegrowany BMS</p>";"<h2>Opis</h2>

<p>Specyfikacje: Napięcie: 32,4V. Pojemność: 3AH. Moc: 97,2WH</p>
<p>Funkcja zabezpieczeń (PMC): Zabezpieczenie przed przeładowaniem, zabezpieczenie przed nadmiernym rozładowaniem, zabezpieczenie nadprądowe, zabezpieczenie temperaturowe, funkcja równoważenia.</p>
<p>Temperatura pracy: Temperatura ładowania: 0C do 45C. Temperatura rozładowania: -10C do 60C. Temperatura przechowywania: 0C do 40C</p>
<p>Wymiary i waga: Długość (L): 217mm (+/- 2mm). Szerokość (W): 85mm (+/- 2mm). Wysokość (H): 58 mm (+/- 2 mm). Waga: 0,96 kg.</p>
<p> </p>
<p>1 rok gwarancji</p>"
https://am-robots.com/pl/shop/batteries/husqvarna-batteries/husqvarna-oem-574-47-68-01-105-305-308-al-hu01/;200305;"HUSQVARNA OEM: 574 47 68-01 (105 / 305 / 308) - AL-HU01";"HSQ OEM: 574 47 68-01 (105 / 305 / 308)";51*40*23;0,25;"HSQ OEM: 574 47 68-01 (105 / 305 / 308)";39;33;;8507600090;3564092003051;Inne;3564093003050;0;;"<p><strong>Akumulatory AXCELL Robot to kompatybilne typy akumulatorów zbudowane zgodnie ze specyfikacjami OE. </strong></p>
<p>Dostępne w różnych technologiach (NiMH, Li-Ion lub LiFePo4), akumulatory te są przeznaczone do intensywnego ładowania i rozładowywania oraz opracowane z najwyższej klasy funkcjami bezpieczeństwa. Idealne do zapewnienia robotowi dużej autonomii podczas pracy!</p>
<p>Korzyści:</p>
<p>Kompatybilny typ akumulatora - zgodny ze specyfikacją OE</p>
<p>Wysoka żywotność - wysokiej jakości ogniwa litowe</p>
<p>Niski poziom samorozładowania - Długi okres trwałości i idealny do użytku sezonowego</p>
<p>Montaż w wielu pozycjach - nawet do góry nogami</p>
<p>Obejmuje większość parków - Obejmuje ponad 200 modeli robotów</p>
<p>Wyposażony w najwyższej klasy funkcje bezpieczeństwa - zintegrowany BMS</p>";"<h2>Opis</h2>

<p>Specyfikacje: Napięcie: 18V. Pojemność: 2AH. Moc: 36WH</p>
<p>Temperatura pracy: Temperatura ładowania: 0C do 45C. Temperatura rozładowania: -10C do 60C. Temperatura przechowywania: 0C do 40C</p>
<p>Wymiary i waga: Długość (L): 70,5 mm (+/- 2 mm). Szerokość (W): 66mm (+/- 2mm). Wysokość (H): 57 mm (+/- 2 mm). Waga: 0,25 kg.</p>
<p> </p>
<p>1 rok gwarancji</p>"
https://am-robots.com/pl/shop/batteries/husqvarna-batteries/husqvarna-oem-589-58-61-01-105-305-308-al-hu06/;200306;"HUSQVARNA OEM: 589 58 61-01 (105 / 305 / 308) - AL-HU06";"HUSQVARNA OEM: 589 58 61-01 (105 / 305 / 308)";51*40*23;0,25;"HUSQVARNA OEM: 589 58 61-01 (105 / 305 / 308)";55;47;;8507600090;3564092003068;Inne;3564093003067;0;;"<p><strong>Akumulatory AXCELL Robot to kompatybilne typy akumulatorów zbudowane zgodnie ze specyfikacjami OE. </strong></p>
<p>Dostępne w różnych technologiach (NiMH, Li-Ion lub LiFePo4), akumulatory te są przeznaczone do intensywnego ładowania i rozładowywania oraz opracowane z najwyższej klasy funkcjami bezpieczeństwa. Idealne do zapewnienia robotowi dużej autonomii podczas pracy!</p>
<p>Korzyści:</p>
<p>Kompatybilny typ akumulatora - zgodny ze specyfikacją OE</p>
<p>Wysoka żywotność - wysokiej jakości ogniwa litowe</p>
<p>Niski poziom samorozładowania - Długi okres trwałości i idealny do użytku sezonowego</p>
<p>Montaż w wielu pozycjach - nawet do góry nogami</p>
<p>Obejmuje większość parków - Obejmuje ponad 200 modeli robotów</p>";"<h2>Opis</h2>

<p>Specyfikacje: Napięcie: 18V. Pojemność: 2AH. Moc: 36WH</p>
<p>Funkcja zabezpieczeń (PMC): Zabezpieczenie przed przeładowaniem, zabezpieczenie przed nadmiernym rozładowaniem, zabezpieczenie nadprądowe, zabezpieczenie temperaturowe, funkcja równoważenia.</p>
<p>Temperatura pracy: Temperatura ładowania: 0C do 45C. Temperatura rozładowania: -10C do 60C. Temperatura przechowywania: 0C do 40C</p>
<p>Wymiary i waga: Długość (L): 69mm (+/- 2mm). Szerokość (W): 56mm (+/- 2mm). Wysokość (H): 67 mm (+/- 2 mm). Waga: 0,25 kg.</p>
<p> </p>
<p>1 rok gwarancji</p>"
https://am-robots.com/pl/shop/batteries/husqvarna-batteries/husqvarna-oem-584-82-28-02-310-315-315x-20152018-al-hu02/;200307;"HUSQVARNA OEM: 584 82 28-02 (310 / 315 / 315X 2015&GT;2018) - AL-HU02";"HSQ OEM: 584 82 28-02 (310 / 315 / 315X 2015>2018)";32*15*28;0,25;"HSQ OEM: 584 82 28-02 (310 / 315 / 315X 2015>2018)";47;40;;8507600090;3564092003075;Inne;3564093003074;0;;"<p><strong>Akumulatory AXCELL Robot to kompatybilne typy akumulatorów zbudowane zgodnie ze specyfikacjami OE.</strong></p>
<p>Dostępne w różnych technologiach (NiMH, Li-Ion lub LiFePo4), akumulatory te są przeznaczone do intensywnego ładowania i rozładowywania oraz opracowane z najwyższej klasy funkcjami bezpieczeństwa. Idealne do zapewnienia robotowi dużej autonomii podczas pracy!</p>
<p>Korzyści:</p>
<p>Kompatybilny typ akumulatora - zgodny ze specyfikacją OE</p>
<p>Wysoka żywotność - wysokiej jakości ogniwa litowe</p>
<p>Niski poziom samorozładowania - Długi okres trwałości i idealny do użytku sezonowego</p>
<p>Montaż w wielu pozycjach - nawet do góry nogami</p>
<p>Obejmuje większość parków - Obejmuje ponad 200 modeli robotów</p>
<p>Wyposażony w najwyższej klasy funkcje bezpieczeństwa - zintegrowany BMS</p>";"<h2>Opis</h2>

<p>Specyfikacje: Napięcie: 18V. Pojemność: 2,5AH. Moc: 45WH</p>
<p>Funkcja zabezpieczeń (PMC): Zabezpieczenie przed przeładowaniem, zabezpieczenie przed nadmiernym rozładowaniem, zabezpieczenie nadprądowe, zabezpieczenie temperaturowe, funkcja równoważenia.</p>
<p>Temperatura pracy: Temperatura ładowania: 0C do 45C. Temperatura rozładowania: -10C do 60C. Temperatura przechowywania: 0C do 40C</p>
<p>Wymiary i waga: Długość (L): 91,5 mm (+/- 2 mm). Szerokość (W): 67mm (+/- 2mm). Wysokość (H): 26 mm (+/- 2 mm). Waga: 0,25 kg.</p>
<p> </p>
<p>1 rok gwarancji</p>"
https://am-robots.com/pl/shop/batteries/husqvarna-batteries/husqvarna-oem-589-58-52-01-320-2013-330x-2013-420-2016-520-2018-al-hu03/;200308;"HUSQVARNA OEM: 589 58 52-01 (320 2013 -&GT;, 330X 2013 -&GT;, 420 2016 -&GT;, 520 2018 -&GT;) - AL-HU03";"HSQ OEM: 589 58 52-01 (320 2013 ->, 330X 2013 ->, 420 2016 ->, 520 2018 ->)";31*31*31;0,49;"HSQ OEM: 589 58 52-01 (320 2013 ->, 330X 2013 ->, 420 2016 ->, 520 2018 ->)";61;52;;8507600090;3564092003082;Inne;3564093003081;0;;"<p><strong>Akumulatory AXCELL Robot to kompatybilne typy akumulatorów zbudowane zgodnie ze specyfikacjami OE. </strong></p>
<p>Dostępne w różnych technologiach (NiMH, Li-Ion lub LiFePo4), akumulatory te są przeznaczone do intensywnego ładowania i rozładowywania oraz opracowane z najwyższej klasy funkcjami bezpieczeństwa. Idealne do zapewnienia robotowi dużej autonomii podczas pracy!</p>
<p>Korzyści:</p>
<p>Kompatybilny typ akumulatora - zgodny ze specyfikacją OE</p>
<p>Wysoka żywotność - wysokiej jakości ogniwa litowe</p>
<p>Niski poziom samorozładowania - Długi okres trwałości i idealny do użytku sezonowego</p>
<p>Montaż w wielu pozycjach - nawet do góry nogami</p>
<p>Obejmuje większość parków - Obejmuje ponad 200 modeli robotów</p>
<p>Wyposażony w najwyższej klasy funkcje bezpieczeństwa - zintegrowany BMS</p>";"<h2>Opis</h2>

<p>Specyfikacje: Napięcie: 18V. Pojemność: 4AH. Moc: 72WH</p>
<p>Funkcja zabezpieczeń (PMC): Zabezpieczenie przed przeładowaniem, zabezpieczenie przed nadmiernym rozładowaniem, zabezpieczenie nadprądowe, zabezpieczenie temperaturowe, funkcja równoważenia.</p>
<p>Temperatura pracy: Temperatura ładowania: 0C do 45C. Temperatura rozładowania: -10C do 60C. Temperatura przechowywania: 0C do 40C</p>
<p>Wymiary i waga: Długość (L): 146,2 mm (+/- 2 mm). Szerokość (W): 67,6mm (+/- 2mm). Wysokość (H): 38,8 mm (+/- 2 mm). Waga: 0,49 kg.</p>
<p> </p>
<p>1 rok gwarancji</p>"
https://am-robots.com/pl/shop/batteries/husqvarna-batteries/husqvarna-oem-589-58-57-01-430x-2016-440-2017-450x-2016-550-2018-al-hu04/;200309;"HUSQVARNA OEM: 589 58 57-01 (430X (2016&GT;), 440 (2017&GT;), 450X (2016&GT;), 550 (2018&GT;) - AL-HU04";"HSQ OEM: 589 58 57-01 (430X (2016>) , 440 (2017 >), 450X (2016>), 550 (2018>)";31*31*31;0,49;"HSQ OEM: 589 58 57-01 (430X (2016>) , 440 (2017 >), 450X (2016>), 550 (2018>)";67;57;;8507600090;3564092003099;Inne;3564093003098;0;;"<p><strong>Akumulatory AXCELL Robot to kompatybilne typy akumulatorów zbudowane zgodnie ze specyfikacjami OE. </strong></p>
<p>Dostępne w różnych technologiach (NiMH, Li-Ion lub LiFePo4), akumulatory te są przeznaczone do intensywnego ładowania i rozładowywania oraz opracowane z najwyższej klasy funkcjami bezpieczeństwa. Idealne do zapewnienia robotowi dużej autonomii podczas pracy!</p>
<p>Korzyści:</p>
<p>Kompatybilny typ akumulatora - zgodny ze specyfikacją OE</p>
<p>Wysoka żywotność - wysokiej jakości ogniwa litowe</p>
<p>Niski poziom samorozładowania - Długi okres trwałości i idealny do użytku sezonowego</p>
<p>Montaż w wielu pozycjach - nawet do góry nogami</p>
<p>Obejmuje większość parków - Obejmuje ponad 200 modeli robotów</p>
<p>Wyposażony w najwyższej klasy funkcje bezpieczeństwa - zintegrowany BMS</p>";"<h2>Opis</h2>

<p>Specyfikacje: Napięcie: 18V. Pojemność: 5,2AH. Moc: 93,6WH</p>
<p>Funkcja zabezpieczeń (PMC): Zabezpieczenie przed przeładowaniem, zabezpieczenie przed nadmiernym rozładowaniem, zabezpieczenie nadprądowe, zabezpieczenie temperaturowe, funkcja równoważenia.</p>
<p>Temperatura pracy: Temperatura ładowania: 0C do 45C. Temperatura rozładowania: -10C do 60C. Temperatura przechowywania: 0C do 40C</p>
<p>Wymiary i waga: Długość (L): 146,2 mm (+/- 2 mm). Szerokość (W): 67.6mm (+/- 2mm). Wysokość (H): 38,8 mm (+/- 2 mm). Waga: 0,49 kg.</p>
<p> </p>
<p>1 rok gwarancji</p>"
https://am-robots.com/pl/shop/batteries/husqvarna-batteries/husqvarna-oem-535-12-09-01-220ac-230acx-265acx-al-hu05/;200310;"HUSQVARNA OEM: 535 12 09-01 (220AC, 230ACX, 265ACX) - AL-HU05";"HUSQVARNA OEM: 540 05 96-01 (220AC, 230ACX, 265ACX)";31*31*31;0,85;"HUSQVARNA OEM: 540 05 96-01 (220AC, 230ACX, 265ACX)";39;33;;85075000;3564092003105;Inne;3564093003104;0;;"<p><strong>Akumulatory AXCELL Robot to kompatybilne typy akumulatorów zbudowane zgodnie ze specyfikacjami OE. </strong></p>
<p>Dostępne w różnych technologiach (NiMH, Li-Ion lub LiFePo4), akumulatory te są przeznaczone do intensywnego ładowania i rozładowywania oraz opracowane z najwyższej klasy funkcjami bezpieczeństwa. Idealne do zapewnienia robotowi dużej autonomii podczas pracy!</p>
<p>Korzyści:</p>
<p>Kompatybilny typ akumulatora - zgodny ze specyfikacją OE</p>
<p>Wysoka żywotność - wysokiej jakości ogniwa litowe</p>
<p>Niski poziom samorozładowania - Długi okres trwałości i idealny do użytku sezonowego</p>
<p>Montaż w wielu pozycjach - nawet do góry nogami</p>
<p>Obejmuje większość parków - Obejmuje ponad 200 modeli robotów</p>";"<h2>Opis</h2>

<p>Specyfikacje: Napięcie: 18V. Pojemność: 2,2AH. Moc: 39,6WH</p>
<p>Temperatura pracy: Temperatura ładowania: 0C do 45C. Temperatura rozładowania: -10C do 60C. Temperatura przechowywania: 0C do 40C</p>
<p>Wymiary i waga: Długość (L): 215mm (+/- 2mm). Szerokość (W): 67.6mm (+/- 2mm). Wysokość (H): 22,7 mm (+/- 2 mm). Waga: 0,85 kg.</p>
<p> </p>
<p>1 rok gwarancji</p>"
https://am-robots.com/pl/shop/batteries/husqvarna-batteries/husqvarna-oem-578-84-87-02-265acx-20122015-265acx-g2-2-al-hu07/;200311;"HUSQVARNA OEM: 578 84 87-02 (265ACX 2012&GT;2015 265ACX G2-2) - AL-HU07";"HUSQVARNA OEM: 578 84 87-02 (265ACX 2012>2015 265ACX G2-2)";34,5*29*24,5;0,55;"HUSQVARNA OEM: 578 84 87-02 (265ACX 2012>2015 265ACX G2-2)";85;72;;8507600090;3564092003112;Inne;3564093003111;0;;"<p><strong>Akumulatory AXCELL Robot to kompatybilne typy akumulatorów zbudowane zgodnie ze specyfikacjami OE. </strong></p>
<p>Dostępne w różnych technologiach (NiMH, Li-Ion lub LiFePo4), akumulatory te są przeznaczone do intensywnego ładowania i rozładowywania oraz opracowane z najwyższej klasy funkcjami bezpieczeństwa. Idealne do zapewnienia robotowi dużej autonomii podczas pracy!</p>
<p>Korzyści:</p>
<p>Kompatybilny typ akumulatora - zgodny ze specyfikacją OE</p>
<p>Wysoka żywotność - wysokiej jakości ogniwa litowe</p>
<p>Niski poziom samorozładowania - Długi okres trwałości i idealny do użytku sezonowego</p>
<p>Montaż w wielu pozycjach - nawet do góry nogami</p>
<p>Obejmuje większość parków - Obejmuje ponad 200 modeli robotów</p>
<p>Wyposażony w najwyższej klasy funkcje bezpieczeństwa - zintegrowany BMS</p>";"<h2>Opis</h2>

<p>Specyfikacje: Napięcie: 22V. Pojemność: 5,2AH. Moc: 114,4WH</p>
<p>Funkcja zabezpieczeń (PMC): Zabezpieczenie przed przeładowaniem, zabezpieczenie przed nadmiernym rozładowaniem, zabezpieczenie nadprądowe, zabezpieczenie temperaturowe, funkcja równoważenia.</p>
<p>Temperatura pracy: Temperatura ładowania: 0C do 45C. Temperatura rozładowania: -10C do 60C. Temperatura przechowywania: 0C do 40C</p>
<p>Wymiary i waga: Długość (L): 220mm (+/- 2mm). Szerokość (W): 67mm (+/- 2mm). Wysokość (H): 22 mm (+/- 2 mm). Waga: 0,55 kg.</p>
<p> </p>
<p>1 rok gwarancji</p>"
https://am-robots.com/pl/shop/batteries/robomow-batteries/robomow-oem-mrk9101a-city-mc150-300-1000-1200-premium-rc304u-rc306-b172-al-rm02/;200312;"ROBOMOW OEM: MRK7005A (City MC150/300/1000/1200, Premium RC304u/RC306) AL-RM02";"ROBOMOW OEM: MRK6105A (ROBOMOW RS612/RS622/RS635)";59*24*20;1,09;"ROBOMOW OEM: MRK6105A (ROBOMOW RS612/RS622/RS635)";185;158;;8507600090;3564092003129;Inne;3564093003128;0;;"<p><strong>Akumulatory AXCELL Robot to kompatybilne typy akumulatorów zbudowane zgodnie ze specyfikacjami OE. </strong></p>
<p>Dostępne w różnych technologiach (NiMH, Li-Ion lub LiFePo4), akumulatory te są przeznaczone do intensywnego ładowania i rozładowywania oraz opracowane z najwyższej klasy funkcjami bezpieczeństwa. Idealne do zapewnienia robotowi dużej autonomii podczas pracy!</p>
<p>Korzyści:</p>
<p>Kompatybilny typ akumulatora - zgodny ze specyfikacją OE</p>
<p>Wysoka żywotność - wysokiej jakości ogniwa litowe</p>
<p>Niski poziom samorozładowania - Długi okres trwałości i idealny do użytku sezonowego</p>
<p>Montaż w wielu pozycjach - nawet do góry nogami</p>
<p>Obejmuje większość parków - Obejmuje ponad 200 modeli robotów</p>
<p>Wyposażony w najwyższej klasy funkcje bezpieczeństwa - zintegrowany BMS</p>";"<h2>Opis</h2>

<p>Specyfikacje: Napięcie: 25,6V. Pojemność: 3AH. Moc: 76,8WH</p>
<p>Funkcja zabezpieczeń (PMC): Zabezpieczenie przed przeładowaniem, zabezpieczenie przed nadmiernym rozładowaniem, zabezpieczenie nadprądowe, zabezpieczenie temperaturowe, funkcja równoważenia.</p>
<p>Temperatura pracy: Temperatura ładowania: 0C do 45C. Temperatura rozładowania: -10C do 60C. Temperatura przechowywania: 0C do 40C</p>
<p>Wymiary i waga: Długość (L): 212mm (+/- 2mm). Szerokość (W): 164mm (+/- 2mm). Wysokość (H): 108 mm (+/- 2 mm). Waga: 1,04 kg.</p>
<p> </p>
<p>1 rok gwarancji</p>"
https://am-robots.com/pl/shop/batteries/robomow-batteries/robomow-oem-mrk7005a-rs612-rs622-rs635-al-rm03/;200313;"ROBOMOW OEM: MRK6105AA (RS612 / RS622 / RS635) - AL-RM03";"ROBOMOW OEM: MRK7005A (City MC150/300/1000/1200, Premium RC304u/RC306)";49,5*35,5*26;1,47;"ROBOMOW OEM: MRK7005A (City MC150/300/1000/1200, Premium RC304u/RC306)";194;165;;8507600090;3564092003136;Inne;3564093003135;0;;"<p><strong>Akumulatory AXCELL Robot to kompatybilne typy akumulatorów zbudowane zgodnie ze specyfikacjami OE. </strong></p>
<p>Dostępne w różnych technologiach (NiMH, Li-Ion lub LiFePo4), akumulatory te są przeznaczone do intensywnego ładowania i rozładowywania oraz opracowane z najwyższej klasy funkcjami bezpieczeństwa. Idealne do zapewnienia robotowi dużej autonomii podczas pracy!</p>
<p>Korzyści:</p>
<p>Kompatybilny typ akumulatora - zgodny ze specyfikacją OE</p>
<p>Wysoka żywotność - wysokiej jakości ogniwa litowe</p>
<p>Niski poziom samorozładowania - Długi okres trwałości i idealny do użytku sezonowego</p>
<p>Montaż w wielu pozycjach - nawet do góry nogami</p>
<p>Obejmuje większość parków - Obejmuje ponad 200 modeli robotów</p>
<p>Wyposażony w najwyższej klasy funkcje bezpieczeństwa - zintegrowany BMS</p>";"<h2>Opis</h2>

<p>Specyfikacje: Napięcie: 25,6V. Pojemność: 6AH. Moc: 120WH</p>
<p>Funkcja zabezpieczeń (PMC): Zabezpieczenie przed przeładowaniem, zabezpieczenie przed nadmiernym rozładowaniem, zabezpieczenie nadprądowe, zabezpieczenie temperaturowe, funkcja równoważenia.</p>
<p>Temperatura pracy: Temperatura ładowania: 0C do 45C. Temperatura rozładowania: -10C do 60C. Temperatura przechowywania: 0C do 40C</p>
<p>Wymiary i waga: Długość (L): 216mm (+/- 2mm). Szerokość (W): 56mm (+/- 2mm). Wysokość (H): 79 mm (+/- 2 mm). Waga: 1,47 kg.</p>
<p> </p>
<p>1 rok gwarancji</p>"
https://am-robots.com/pl/shop/batteries/worx-batteries/worx-oem-wa3551-1-l2000-m1000-m700-al-wx01/;200314;"WORX OEM: WA3551.1 (L2000/ M1000/ M700) - AL-WX01";;36*25*23;0,46;;;;;8507600090;3564092003143;Inne;3564093003142;;;"<p><strong>Akumulatory AXCELL Robot to kompatybilne typy akumulatorów zbudowane zgodnie ze specyfikacjami OE. </strong></p>
<p>Dostępne w różnych technologiach (NiMH, Li-Ion lub LiFePo4), akumulatory te są przeznaczone do intensywnego ładowania i rozładowywania oraz opracowane z najwyższej klasy funkcjami bezpieczeństwa. Idealne do zapewnienia robotowi dużej autonomii podczas pracy!</p>
<p>Korzyści:</p>
<p>Kompatybilny typ akumulatora - zgodny ze specyfikacją OE</p>
<p>Wysoka żywotność - wysokiej jakości ogniwa litowe</p>
<p>Niski poziom samorozładowania - Długi okres trwałości i idealny do użytku sezonowego</p>
<p>Montaż w wielu pozycjach - nawet do góry nogami</p>
<p>Obejmuje większość parków - Obejmuje ponad 200 modeli robotów</p>
<p>Wyposażony w najwyższej klasy funkcje bezpieczeństwa - zintegrowany BMS</p>";"<h2>Opis</h2>

<p>Specyfikacje: Napięcie: 20V. Pojemność: 2AH. Moc: 40WH</p>
<p>Funkcja zabezpieczeń (PMC): Zabezpieczenie przed przeładowaniem, zabezpieczenie przed nadmiernym rozładowaniem, zabezpieczenie nadprądowe, zabezpieczenie temperaturowe, funkcja równoważenia.</p>
<p>Temperatura pracy: Temperatura ładowania: 0C do 45C. Temperatura rozładowania: -10C do 60C. Temperatura przechowywania: 0C do 40C</p>
<p>Wymiary i waga: Długość (L): 109,5 mm (+/- 2 mm). Szerokość (W): 75mm (+/- 2mm). Wysokość (H): 46 mm (+/- 2 mm). Waga: 0,46 kg.</p>
<p> </p>
<p>1 rok gwarancji</p>"
https://am-robots.com/pl/shop/batteries/worx-batteries/worx-oem-wa3556-l2000-m1000-m700-al-wx02/;200315;"WORX OEM: WA3556 (L2000/ M1000/ M700) - AL-WX02";"WORX OEM: WA3556 (L2000/ M1000/ M700)";36*25*23;0,58;"WORX OEM: WA3556 (L2000/ M1000/ M700)";73;62;;8507600090;3564092003150;Inne;3564093003159;0;;"<p><strong>Akumulatory AXCELL Robot to kompatybilne typy akumulatorów zbudowane zgodnie ze specyfikacjami OE. </strong></p>
<p>Dostępne w różnych technologiach (NiMH, Li-Ion lub LiFePo4), akumulatory te są przeznaczone do intensywnego ładowania i rozładowywania oraz opracowane z najwyższej klasy funkcjami bezpieczeństwa. Idealne do zapewnienia robotowi dużej autonomii podczas pracy!</p>
<p>Korzyści:</p>
<p>Kompatybilny typ akumulatora - zgodny ze specyfikacją OE</p>
<p>Wysoka żywotność - wysokiej jakości ogniwa litowe</p>
<p>Niski poziom samorozładowania - Długi okres trwałości i idealny do użytku sezonowego</p>
<p>Montaż w wielu pozycjach - nawet do góry nogami</p>
<p>Obejmuje większość parków - Obejmuje ponad 200 modeli robotów</p>
<p>Wyposażony w najwyższej klasy funkcje bezpieczeństwa - zintegrowany BMS</p>";"<h2>Opis</h2>

<p>Specyfikacje: Napięcie: 20V. Pojemność: 5AH. Moc: 140WH</p>
<p>Funkcja zabezpieczeń (PMC): Zabezpieczenie przed przeładowaniem, zabezpieczenie przed nadmiernym rozładowaniem, zabezpieczenie nadprądowe, zabezpieczenie temperaturowe, funkcja równoważenia.</p>
<p>Temperatura pracy: Temperatura ładowania: 0C do 45C. Temperatura rozładowania: -10C do 60C. Temperatura przechowywania: 0C do 40C</p>
<p>Wymiary i waga: Długość (L): 109,5 mm (+/- 2 mm). Szerokość (W): 75mm (+/- 2mm). Wysokość (H): 64 mm (+/- 2 mm). Waga: 0,58 kg.</p>
<p> </p>
<p>1 rok gwarancji</p>"
https://am-robots.com/pl/shop/batteries/worx-batteries/worx-oem-wa3225-l1500i-m500-wg754e-wg790-al-wx03/;200316;"WORX OEM: WA3225 (L1500i / M500/ WG754E/ WG790) - AL-WX03";"WORX OEM: WA3225 (L1500i / M500/ WG754E/ WG790)";28,5*34,5*25;0,42;"WORX OEM: WA3225 (L1500i / M500/ WG754E/ WG790)";64;54;;8507600090;3564092003167;Inne;3564093003166;0;;"<p><strong>Akumulatory AXCELL Robot to kompatybilne typy akumulatorów zbudowane zgodnie ze specyfikacjami OE. </strong></p>
<p>Dostępne w różnych technologiach (NiMH, Li-Ion lub LiFePo4), akumulatory te są przeznaczone do intensywnego ładowania i rozładowywania oraz opracowane z najwyższej klasy funkcjami bezpieczeństwa. Idealne do zapewnienia robotowi dużej autonomii podczas pracy!</p>
<p>Korzyści:</p>
<p>Kompatybilny typ akumulatora - zgodny ze specyfikacją OE</p>
<p>Wysoka żywotność - wysokiej jakości ogniwa litowe</p>
<p>Niski poziom samorozładowania - Długi okres trwałości i idealny do użytku sezonowego</p>
<p>Montaż w wielu pozycjach - nawet do góry nogami</p>
<p>Obejmuje większość parków - Obejmuje ponad 200 modeli robotów</p>
<p>Wyposażony w najwyższej klasy funkcje bezpieczeństwa - zintegrowany BMS</p>";"<h2>Opis</h2>

<p>Specyfikacje: Napięcie: 28V. Pojemność: 2,5AH. Moc: 70WH</p>
<p>Funkcja zabezpieczeń (PMC): Zabezpieczenie przed przeładowaniem, zabezpieczenie przed nadmiernym rozładowaniem, zabezpieczenie nadprądowe, zabezpieczenie temperaturowe, funkcja równoważenia.</p>
<p>Temperatura pracy: Temperatura ładowania: 0C do 45C. Temperatura rozładowania: -10C do 60C. Temperatura przechowywania: 0C do 40C</p>
<p>Wymiary i waga: Długość (L): 103,7 mm (+/- 2 mm). Szerokość (W): 48.8mm (+/- 2mm). Wysokość (H): 72,1 mm (+/- 2 mm). Waga: 0,42 kg.</p>
<p> </p>
<p>1 rok gwarancji</p>"
https://am-robots.com/pl/shop/batteries/ambrogio-batteries/axcell-lithium-al-zu01/;200329;"AMBROGIO OEM: 015E00600A (L15 /L20 / L60 / Twenty / WIPER i70 / i100S / Climber / Q350) - AL-ZU01";"AMBROGIO OEM: 015E00600A (L15 /L20/L60/Twenty /WIPER i70/ i100S/Climber/Q350)";31*15*29;0,39;"AMBROGIO OEM: 015E00600A (L15 /L20/L60/Twenty /WIPER i70/ i100S/Climber/Q350)";97;83;;8507600090;3564092003297;Inne;3564093003296;0;;"<p><strong>Akumulatory AXCELL Robot to kompatybilne typy akumulatorów zbudowane zgodnie ze specyfikacjami OE. </strong></p>
<p>Dostępne w różnych technologiach (NiMH, Li-Ion lub LiFePo4), akumulatory te są przeznaczone do intensywnego ładowania i rozładowywania oraz opracowane z najwyższej klasy funkcjami bezpieczeństwa. Idealne do zapewnienia robotowi dużej autonomii podczas pracy!</p>
<p>Korzyści:</p>
<p>Kompatybilny typ akumulatora - zgodny ze specyfikacją OE</p>
<p>Wysoka żywotność - wysokiej jakości ogniwa litowe</p>
<p>Niski poziom samorozładowania - Długi okres trwałości i idealny do użytku sezonowego</p>
<p>Montaż w wielu pozycjach - nawet do góry nogami</p>
<p>Obejmuje większość parków - Obejmuje ponad 200 modeli robotów</p>
<p>Wyposażony w najwyższej klasy funkcje bezpieczeństwa - zintegrowany BMS</p>";"<h2>Opis</h2>

<p>Specyfikacje: Napięcie: 25,2V. Pojemność: 2,6AH. Moc: 65,52WH</p>
<p>Funkcja zabezpieczeń (PMC): Zabezpieczenie przed przeładowaniem, zabezpieczenie przed nadmiernym rozładowaniem, zabezpieczenie nadprądowe, zabezpieczenie temperaturowe, funkcja równoważenia.</p>
<p>Temperatura pracy: Temperatura ładowania: 0C do 45C. Temperatura rozładowania: -10C do 60C. Temperatura przechowywania: 0C do 40C</p>
<p>Wymiary i waga: Długość (L): 129mm (+/- 2mm). Szerokość (W): 67mm (+/- 2mm). Wysokość (H): 28 mm (+/- 2 mm). Waga: 0,37 kg.</p>
<p> </p>
<p>1 rok gwarancji</p>"
https://am-robots.com/pl/shop/batteries/husqvarna-batteries/husqvarna-oem-593-24-72-01-305-310-315-2019-sn-2006xxxx-al-hu08/;200333;"HUSQVARNA OEM: 593 24 72-01 (305 - / 310 - / 315 -2019&GT; (SN: &GT;2006XXXX) - AL-HU08";"HUSQVARNA OEM: 593 24 72-01 (305 - / 310 - / 315 -2019> (SN: >2006XXXX) ";34,5*21*28;0,42;"HUSQVARNA OEM: 593 24 72-01 (305 - / 310 - / 315 -2019> (SN: >2006XXXX) ";64;54;;8507600090;3564092003334;Inne;3564093003333;0;;"<p><strong>Akumulatory AXCELL Robot to kompatybilne typy akumulatorów zbudowane zgodnie ze specyfikacjami OE. </strong></p>
<p>Dostępne w różnych technologiach (NiMH, Li-Ion lub LiFePo4), akumulatory te są przeznaczone do intensywnego ładowania i rozładowywania oraz opracowane z najwyższej klasy funkcjami bezpieczeństwa. Idealne do zapewnienia robotowi dużej autonomii podczas pracy!</p>
<p>Korzyści:</p>
<p>Kompatybilny typ akumulatora - zgodny ze specyfikacją OE</p>
<p>Wysoka żywotność - wysokiej jakości ogniwa litowe</p>
<p>Niski poziom samorozładowania - Długi okres trwałości i idealny do użytku sezonowego</p>
<p>Montaż w wielu pozycjach - nawet do góry nogami</p>
<p>Obejmuje większość parków - Obejmuje ponad 200 modeli robotów</p>
<p>Wyposażony w najwyższej klasy funkcje bezpieczeństwa - zintegrowany BMS</p>";"<h2>Opis</h2>

<p>Specyfikacje: Napięcie: 18,5V. Pojemność: 2AH. Moc: 37WH</p>
<p>Funkcja zabezpieczeń (PMC): Zabezpieczenie przed przeładowaniem, zabezpieczenie przed nadmiernym rozładowaniem, zabezpieczenie nadprądowe, zabezpieczenie temperaturowe, funkcja równoważenia.</p>
<p>Temperatura pracy: Temperatura ładowania: 0C do 45C. Temperatura rozładowania: -10C do 60C. Temperatura przechowywania: 0C do 40C</p>
<p>Wymiary i waga: Długość (L): 138,5mm (+/- 2mm). Szerokość (W): 81mm (+/- 2mm). Wysokość (H): 38 mm (+/- 2 mm). Waga: 0,37 kg.</p>
<p> </p>
<p>1 rok gwarancji</p>"
https://am-robots.com/pl/shop/cable/standard-cable/standard-cable-34-mm/;10293538;"3,4 mm Zielony standardowy przewód graniczny";5m; ; ;5;2,975;2,43;;8544492000;5744003721610;Przewody;;0;;"<p><strong><br>
Zielony przewód graniczny kosiarki samojezdnej 3,4 mm to najwyższej jakości przewód, który nadaje się do WSZYSTKICH instalacji kosiarki samojezdnej.</strong></p>
<p>Kabel jest izolowany twardym tworzywem sztucznym w celu ochrony przewodu. Jest nadal bardzo elastyczny i można go układać za pomocą wszystkich maszyn kablowych.</p>
<p>Większy przewód graniczny kosiarki robota jest dostarczany w wysokiej jakości drewnianych szpulach, aby zapobiec pęknięciu przy uderzeniu. Wszystkie przewody są oznaczone licznikami.</p>
<p><span lang=""EN-US"">Pasuje do wszystkich automatycznych kosiarek do trawy.</span></p>
<p>Dostępne na bębnach 5 / 25 / 50 / 100 / 150 / 250 / 500 / 800 metrów o średnicy 3,4 mm.</p>
<p><iframe data-placeholder-image=""https://am-robots.com/wp-content/uploads/complianz/placeholders/youtubeQR82_Nfd-0c-maxresdefault.webp"" data-category=""marketing"" data-service=""youtube"" class=""cmplz-placeholder-element cmplz-iframe cmplz-iframe-styles cmplz-video"" data-cmplz-target=""src"" data-src-cmplz=""https://www.youtube.com/embed/QR82_Nfd-0c?feature=oembed"" title=""AM ROBOTS Robot Mower Cable - Meter mark"" width=""1080"" height=""608"" src=""about:blank"" allow=""accelerometer; autoplay; clipboard-write; encrypted-media; gyroscope; picture-in-picture; web-share"" referrerpolicy=""strict-origin-when-cross-origin"" allowfullscreen></iframe></p>";"<h2>Opis</h2>

<ul class=""a-unordered-list a-vertical a-spacing-none"">
<li><span class=""a-list-item"">Grubość przewodu granicznego kosiarki Robot 3,4 mm zapewniająca stabilniejszą izolację niż oryginalny plastik.</span></li>
<li>Rozmiar rolki kabla: 5/25/100/150/250/500/800 metrów - 800 metrów pasuje do wszystkich profesjonalnych maszyn kablowych.</li>
<li><span class=""a-list-item"">Używany do instalacji kosiarek robotów, pętli granicznej, kabla granicznego, kabla wyszukiwania, pętli look-up, drutu prowadzącego i wielu innych.</span></li>
<li><span class=""a-list-item""><span class=""cc-container-cnlibahlccceecnjljbjhbpmkggfekkn"">Do wszystkich typów kosiarek automatycznych Husqvarna Automower, takich jak: 105 305 308 310 315 315X 320 330X 420 430X 440 450X 520 550 G2 G3 210C 220AC 230ACX 260ACX 265ACX SH Solar Hybrid</span></span></li>
<li><span class=""a-list-item"">Do wszystkich typów Gardena, takich jak: R38Li R40Li R45Li R50Li R70Li R75Li R80Li R100Li R130Li R160Li R165 R180 Sileno Sileno+ Sileno City smart Sileno City smart Sileno smart Sileno+</span></li>
<li><span class=""a-list-item""><span class=""cc-container-cnlibahlccceecnjljbjhbpmkggfekkn"">Dla wszystkich McCulloch, takich jak: ROB R600 i R1000 Bosch Indego 800 1000 1100 1200 podłącz WorX Landroid</span></span></li>
<li><span class=""a-list-item"">Do wszystkich modeli Robomow-autonomicznych takich jak: MC300, MC500, MC1000, MC1200, MS-Seria, RL-seria, RM-seria.</span></li>
<li><span class=""a-list-item"">Dla wszystkich typów Ambrogio, takich jak: L200-250 -Modele robotów</span></li>
<li>Do wszystkich robotów Stihl/Viking iMow</li>
<li>Dla wszystkich robotów Hinda Miimo</li>
</ul>"
https://am-robots.com/pl/shop/cable/standard-cable/standard-cable-34-mm/;10293542;"3,4 mm Zielony standardowy przewód graniczny";25m; ; ;25;5,95;4,5;;8544492000;5744003721627;Przewody;;1;;"<p><strong><br>
Zielony przewód graniczny kosiarki samojezdnej 3,4 mm to najwyższej jakości przewód, który nadaje się do WSZYSTKICH instalacji kosiarki samojezdnej.</strong></p>
<p>Kabel jest izolowany twardym tworzywem sztucznym w celu ochrony przewodu. Jest nadal bardzo elastyczny i można go układać za pomocą wszystkich maszyn kablowych.</p>
<p>Większy przewód graniczny kosiarki robota jest dostarczany w wysokiej jakości drewnianych szpulach, aby zapobiec pęknięciu przy uderzeniu. Wszystkie przewody są oznaczone licznikami.</p>
<p><span lang=""EN-US"">Pasuje do wszystkich automatycznych kosiarek do trawy.</span></p>
<p>Dostępne na bębnach 5 / 25 / 50 / 100 / 150 / 250 / 500 / 800 metrów o średnicy 3,4 mm.</p>
<p><iframe data-placeholder-image=""https://am-robots.com/wp-content/uploads/complianz/placeholders/youtubeQR82_Nfd-0c-maxresdefault.webp"" data-category=""marketing"" data-service=""youtube"" class=""cmplz-placeholder-element cmplz-iframe cmplz-iframe-styles cmplz-video"" data-cmplz-target=""src"" data-src-cmplz=""https://www.youtube.com/embed/QR82_Nfd-0c?feature=oembed"" title=""AM ROBOTS Robot Mower Cable - Meter mark"" width=""1080"" height=""608"" src=""about:blank"" allow=""accelerometer; autoplay; clipboard-write; encrypted-media; gyroscope; picture-in-picture; web-share"" referrerpolicy=""strict-origin-when-cross-origin"" allowfullscreen></iframe></p>";"<h2>Opis</h2>

<ul class=""a-unordered-list a-vertical a-spacing-none"">
<li><span class=""a-list-item"">Grubość przewodu granicznego kosiarki Robot 3,4 mm zapewniająca stabilniejszą izolację niż oryginalny plastik.</span></li>
<li>Rozmiar rolki kabla: 5/25/100/150/250/500/800 metrów - 800 metrów pasuje do wszystkich profesjonalnych maszyn kablowych.</li>
<li><span class=""a-list-item"">Używany do instalacji kosiarek robotów, pętli granicznej, kabla granicznego, kabla wyszukiwania, pętli look-up, drutu prowadzącego i wielu innych.</span></li>
<li><span class=""a-list-item""><span class=""cc-container-cnlibahlccceecnjljbjhbpmkggfekkn"">Do wszystkich typów kosiarek automatycznych Husqvarna Automower, takich jak: 105 305 308 310 315 315X 320 330X 420 430X 440 450X 520 550 G2 G3 210C 220AC 230ACX 260ACX 265ACX SH Solar Hybrid</span></span></li>
<li><span class=""a-list-item"">Do wszystkich typów Gardena, takich jak: R38Li R40Li R45Li R50Li R70Li R75Li R80Li R100Li R130Li R160Li R165 R180 Sileno Sileno+ Sileno City smart Sileno City smart Sileno smart Sileno+</span></li>
<li><span class=""a-list-item""><span class=""cc-container-cnlibahlccceecnjljbjhbpmkggfekkn"">Dla wszystkich McCulloch, takich jak: ROB R600 i R1000 Bosch Indego 800 1000 1100 1200 podłącz WorX Landroid</span></span></li>
<li><span class=""a-list-item"">Do wszystkich modeli Robomow-autonomicznych takich jak: MC300, MC500, MC1000, MC1200, MS-Seria, RL-seria, RM-seria.</span></li>
<li><span class=""a-list-item"">Dla wszystkich typów Ambrogio, takich jak: L200-250 -Modele robotów</span></li>
<li>Do wszystkich robotów Stihl/Viking iMow</li>
<li>Dla wszystkich robotów Hinda Miimo</li>
</ul>"
BRAK;10293547;"3,4mm Standard Cable";50m;34*34*16;0,5;50;11,05;9;;8544492000;5744003721580;Przewody;;1;;;
https://am-robots.com/pl/shop/cable/standard-cable/standard-cable-34-mm/;10293548;"3,4 mm Zielony standardowy przewód graniczny";100m;26*26*15;1,5;100;20,4;15,3;;8544492000;5744003720798;Przewody;15744003720795;0;;"<p><strong><br>
Zielony przewód graniczny kosiarki samojezdnej 3,4 mm to najwyższej jakości przewód, który nadaje się do WSZYSTKICH instalacji kosiarki samojezdnej.</strong></p>
<p>Kabel jest izolowany twardym tworzywem sztucznym w celu ochrony przewodu. Jest nadal bardzo elastyczny i można go układać za pomocą wszystkich maszyn kablowych.</p>
<p>Większy przewód graniczny kosiarki robota jest dostarczany w wysokiej jakości drewnianych szpulach, aby zapobiec pęknięciu przy uderzeniu. Wszystkie przewody są oznaczone licznikami.</p>
<p><span lang=""EN-US"">Pasuje do wszystkich automatycznych kosiarek do trawy.</span></p>
<p>Dostępne na bębnach 5 / 25 / 50 / 100 / 150 / 250 / 500 / 800 metrów o średnicy 3,4 mm.</p>
<p><iframe data-placeholder-image=""https://am-robots.com/wp-content/uploads/complianz/placeholders/youtubeQR82_Nfd-0c-maxresdefault.webp"" data-category=""marketing"" data-service=""youtube"" class=""cmplz-placeholder-element cmplz-iframe cmplz-iframe-styles cmplz-video"" data-cmplz-target=""src"" data-src-cmplz=""https://www.youtube.com/embed/QR82_Nfd-0c?feature=oembed"" title=""AM ROBOTS Robot Mower Cable - Meter mark"" width=""1080"" height=""608"" src=""about:blank"" allow=""accelerometer; autoplay; clipboard-write; encrypted-media; gyroscope; picture-in-picture; web-share"" referrerpolicy=""strict-origin-when-cross-origin"" allowfullscreen></iframe></p>";"<h2>Opis</h2>

<ul class=""a-unordered-list a-vertical a-spacing-none"">
<li><span class=""a-list-item"">Grubość przewodu granicznego kosiarki Robot 3,4 mm zapewniająca stabilniejszą izolację niż oryginalny plastik.</span></li>
<li>Rozmiar rolki kabla: 5/25/100/150/250/500/800 metrów - 800 metrów pasuje do wszystkich profesjonalnych maszyn kablowych.</li>
<li><span class=""a-list-item"">Używany do instalacji kosiarek robotów, pętli granicznej, kabla granicznego, kabla wyszukiwania, pętli look-up, drutu prowadzącego i wielu innych.</span></li>
<li><span class=""a-list-item""><span class=""cc-container-cnlibahlccceecnjljbjhbpmkggfekkn"">Do wszystkich typów kosiarek automatycznych Husqvarna Automower, takich jak: 105 305 308 310 315 315X 320 330X 420 430X 440 450X 520 550 G2 G3 210C 220AC 230ACX 260ACX 265ACX SH Solar Hybrid</span></span></li>
<li><span class=""a-list-item"">Do wszystkich typów Gardena, takich jak: R38Li R40Li R45Li R50Li R70Li R75Li R80Li R100Li R130Li R160Li R165 R180 Sileno Sileno+ Sileno City smart Sileno City smart Sileno smart Sileno+</span></li>
<li><span class=""a-list-item""><span class=""cc-container-cnlibahlccceecnjljbjhbpmkggfekkn"">Dla wszystkich McCulloch, takich jak: ROB R600 i R1000 Bosch Indego 800 1000 1100 1200 podłącz WorX Landroid</span></span></li>
<li><span class=""a-list-item"">Do wszystkich modeli Robomow-autonomicznych takich jak: MC300, MC500, MC1000, MC1200, MS-Seria, RL-seria, RM-seria.</span></li>
<li><span class=""a-list-item"">Dla wszystkich typów Ambrogio, takich jak: L200-250 -Modele robotów</span></li>
<li>Do wszystkich robotów Stihl/Viking iMow</li>
<li>Dla wszystkich robotów Hinda Miimo</li>
</ul>"
https://am-robots.com/pl/shop/cable/standard-cable/standard-cable-34-mm/;10293549;"3,4 mm Zielony standardowy przewód graniczny";150m;27*27*15;2;150;28,5;19,8;;8544492000;5744003720804;Przewody;15744003720801;1;;"<p><strong><br>
Zielony przewód graniczny kosiarki samojezdnej 3,4 mm to najwyższej jakości przewód, który nadaje się do WSZYSTKICH instalacji kosiarki samojezdnej.</strong></p>
<p>Kabel jest izolowany twardym tworzywem sztucznym w celu ochrony przewodu. Jest nadal bardzo elastyczny i można go układać za pomocą wszystkich maszyn kablowych.</p>
<p>Większy przewód graniczny kosiarki robota jest dostarczany w wysokiej jakości drewnianych szpulach, aby zapobiec pęknięciu przy uderzeniu. Wszystkie przewody są oznaczone licznikami.</p>
<p><span lang=""EN-US"">Pasuje do wszystkich automatycznych kosiarek do trawy.</span></p>
<p>Dostępne na bębnach 5 / 25 / 50 / 100 / 150 / 250 / 500 / 800 metrów o średnicy 3,4 mm.</p>
<p><iframe data-placeholder-image=""https://am-robots.com/wp-content/uploads/complianz/placeholders/youtubeQR82_Nfd-0c-maxresdefault.webp"" data-category=""marketing"" data-service=""youtube"" class=""cmplz-placeholder-element cmplz-iframe cmplz-iframe-styles cmplz-video"" data-cmplz-target=""src"" data-src-cmplz=""https://www.youtube.com/embed/QR82_Nfd-0c?feature=oembed"" title=""AM ROBOTS Robot Mower Cable - Meter mark"" width=""1080"" height=""608"" src=""about:blank"" allow=""accelerometer; autoplay; clipboard-write; encrypted-media; gyroscope; picture-in-picture; web-share"" referrerpolicy=""strict-origin-when-cross-origin"" allowfullscreen></iframe></p>";"<h2>Opis</h2>

<ul class=""a-unordered-list a-vertical a-spacing-none"">
<li><span class=""a-list-item"">Grubość przewodu granicznego kosiarki Robot 3,4 mm zapewniająca stabilniejszą izolację niż oryginalny plastik.</span></li>
<li>Rozmiar rolki kabla: 5/25/100/150/250/500/800 metrów - 800 metrów pasuje do wszystkich profesjonalnych maszyn kablowych.</li>
<li><span class=""a-list-item"">Używany do instalacji kosiarek robotów, pętli granicznej, kabla granicznego, kabla wyszukiwania, pętli look-up, drutu prowadzącego i wielu innych.</span></li>
<li><span class=""a-list-item""><span class=""cc-container-cnlibahlccceecnjljbjhbpmkggfekkn"">Do wszystkich typów kosiarek automatycznych Husqvarna Automower, takich jak: 105 305 308 310 315 315X 320 330X 420 430X 440 450X 520 550 G2 G3 210C 220AC 230ACX 260ACX 265ACX SH Solar Hybrid</span></span></li>
<li><span class=""a-list-item"">Do wszystkich typów Gardena, takich jak: R38Li R40Li R45Li R50Li R70Li R75Li R80Li R100Li R130Li R160Li R165 R180 Sileno Sileno+ Sileno City smart Sileno City smart Sileno smart Sileno+</span></li>
<li><span class=""a-list-item""><span class=""cc-container-cnlibahlccceecnjljbjhbpmkggfekkn"">Dla wszystkich McCulloch, takich jak: ROB R600 i R1000 Bosch Indego 800 1000 1100 1200 podłącz WorX Landroid</span></span></li>
<li><span class=""a-list-item"">Do wszystkich modeli Robomow-autonomicznych takich jak: MC300, MC500, MC1000, MC1200, MS-Seria, RL-seria, RM-seria.</span></li>
<li><span class=""a-list-item"">Dla wszystkich typów Ambrogio, takich jak: L200-250 -Modele robotów</span></li>
<li>Do wszystkich robotów Stihl/Viking iMow</li>
<li>Dla wszystkich robotów Hinda Miimo</li>
</ul>"
https://am-robots.com/pl/shop/cable/standard-cable/standard-cable-34-mm/;10293551;"3,4 mm Zielony standardowy przewód graniczny";250m;26,5*26,5*25;3,1;250;37,4;31,5;;8544492000;5744003720811;Przewody;15744003720818;1;;"<p><strong><br>
Zielony przewód graniczny kosiarki samojezdnej 3,4 mm to najwyższej jakości przewód, który nadaje się do WSZYSTKICH instalacji kosiarki samojezdnej.</strong></p>
<p>Kabel jest izolowany twardym tworzywem sztucznym w celu ochrony przewodu. Jest nadal bardzo elastyczny i można go układać za pomocą wszystkich maszyn kablowych.</p>
<p>Większy przewód graniczny kosiarki robota jest dostarczany w wysokiej jakości drewnianych szpulach, aby zapobiec pęknięciu przy uderzeniu. Wszystkie przewody są oznaczone licznikami.</p>
<p><span lang=""EN-US"">Pasuje do wszystkich automatycznych kosiarek do trawy.</span></p>
<p>Dostępne na bębnach 5 / 25 / 50 / 100 / 150 / 250 / 500 / 800 metrów o średnicy 3,4 mm.</p>
<p><iframe data-placeholder-image=""https://am-robots.com/wp-content/uploads/complianz/placeholders/youtubeQR82_Nfd-0c-maxresdefault.webp"" data-category=""marketing"" data-service=""youtube"" class=""cmplz-placeholder-element cmplz-iframe cmplz-iframe-styles cmplz-video"" data-cmplz-target=""src"" data-src-cmplz=""https://www.youtube.com/embed/QR82_Nfd-0c?feature=oembed"" title=""AM ROBOTS Robot Mower Cable - Meter mark"" width=""1080"" height=""608"" src=""about:blank"" allow=""accelerometer; autoplay; clipboard-write; encrypted-media; gyroscope; picture-in-picture; web-share"" referrerpolicy=""strict-origin-when-cross-origin"" allowfullscreen></iframe></p>";"<h2>Opis</h2>

<ul class=""a-unordered-list a-vertical a-spacing-none"">
<li><span class=""a-list-item"">Grubość przewodu granicznego kosiarki Robot 3,4 mm zapewniająca stabilniejszą izolację niż oryginalny plastik.</span></li>
<li>Rozmiar rolki kabla: 5/25/100/150/250/500/800 metrów - 800 metrów pasuje do wszystkich profesjonalnych maszyn kablowych.</li>
<li><span class=""a-list-item"">Używany do instalacji kosiarek robotów, pętli granicznej, kabla granicznego, kabla wyszukiwania, pętli look-up, drutu prowadzącego i wielu innych.</span></li>
<li><span class=""a-list-item""><span class=""cc-container-cnlibahlccceecnjljbjhbpmkggfekkn"">Do wszystkich typów kosiarek automatycznych Husqvarna Automower, takich jak: 105 305 308 310 315 315X 320 330X 420 430X 440 450X 520 550 G2 G3 210C 220AC 230ACX 260ACX 265ACX SH Solar Hybrid</span></span></li>
<li><span class=""a-list-item"">Do wszystkich typów Gardena, takich jak: R38Li R40Li R45Li R50Li R70Li R75Li R80Li R100Li R130Li R160Li R165 R180 Sileno Sileno+ Sileno City smart Sileno City smart Sileno smart Sileno+</span></li>
<li><span class=""a-list-item""><span class=""cc-container-cnlibahlccceecnjljbjhbpmkggfekkn"">Dla wszystkich McCulloch, takich jak: ROB R600 i R1000 Bosch Indego 800 1000 1100 1200 podłącz WorX Landroid</span></span></li>
<li><span class=""a-list-item"">Do wszystkich modeli Robomow-autonomicznych takich jak: MC300, MC500, MC1000, MC1200, MS-Seria, RL-seria, RM-seria.</span></li>
<li><span class=""a-list-item"">Dla wszystkich typów Ambrogio, takich jak: L200-250 -Modele robotów</span></li>
<li>Do wszystkich robotów Stihl/Viking iMow</li>
<li>Dla wszystkich robotów Hinda Miimo</li>
</ul>"
https://am-robots.com/pl/shop/cable/standard-cable/standard-cable-34-mm/;10293556;"3,4 mm Zielony standardowy przewód graniczny";500m;28*28*15,5;6;500;78;65;;8544492000;5744003720828;Przewody;;1;;"<p><strong><br>
Zielony przewód graniczny kosiarki samojezdnej 3,4 mm to najwyższej jakości przewód, który nadaje się do WSZYSTKICH instalacji kosiarki samojezdnej.</strong></p>
<p>Kabel jest izolowany twardym tworzywem sztucznym w celu ochrony przewodu. Jest nadal bardzo elastyczny i można go układać za pomocą wszystkich maszyn kablowych.</p>
<p>Większy przewód graniczny kosiarki robota jest dostarczany w wysokiej jakości drewnianych szpulach, aby zapobiec pęknięciu przy uderzeniu. Wszystkie przewody są oznaczone licznikami.</p>
<p><span lang=""EN-US"">Pasuje do wszystkich automatycznych kosiarek do trawy.</span></p>
<p>Dostępne na bębnach 5 / 25 / 50 / 100 / 150 / 250 / 500 / 800 metrów o średnicy 3,4 mm.</p>
<p><iframe data-placeholder-image=""https://am-robots.com/wp-content/uploads/complianz/placeholders/youtubeQR82_Nfd-0c-maxresdefault.webp"" data-category=""marketing"" data-service=""youtube"" class=""cmplz-placeholder-element cmplz-iframe cmplz-iframe-styles cmplz-video"" data-cmplz-target=""src"" data-src-cmplz=""https://www.youtube.com/embed/QR82_Nfd-0c?feature=oembed"" title=""AM ROBOTS Robot Mower Cable - Meter mark"" width=""1080"" height=""608"" src=""about:blank"" allow=""accelerometer; autoplay; clipboard-write; encrypted-media; gyroscope; picture-in-picture; web-share"" referrerpolicy=""strict-origin-when-cross-origin"" allowfullscreen></iframe></p>";"<h2>Opis</h2>

<ul class=""a-unordered-list a-vertical a-spacing-none"">
<li><span class=""a-list-item"">Grubość przewodu granicznego kosiarki Robot 3,4 mm zapewniająca stabilniejszą izolację niż oryginalny plastik.</span></li>
<li>Rozmiar rolki kabla: 5/25/100/150/250/500/800 metrów - 800 metrów pasuje do wszystkich profesjonalnych maszyn kablowych.</li>
<li><span class=""a-list-item"">Używany do instalacji kosiarek robotów, pętli granicznej, kabla granicznego, kabla wyszukiwania, pętli look-up, drutu prowadzącego i wielu innych.</span></li>
<li><span class=""a-list-item""><span class=""cc-container-cnlibahlccceecnjljbjhbpmkggfekkn"">Do wszystkich typów kosiarek automatycznych Husqvarna Automower, takich jak: 105 305 308 310 315 315X 320 330X 420 430X 440 450X 520 550 G2 G3 210C 220AC 230ACX 260ACX 265ACX SH Solar Hybrid</span></span></li>
<li><span class=""a-list-item"">Do wszystkich typów Gardena, takich jak: R38Li R40Li R45Li R50Li R70Li R75Li R80Li R100Li R130Li R160Li R165 R180 Sileno Sileno+ Sileno City smart Sileno City smart Sileno smart Sileno+</span></li>
<li><span class=""a-list-item""><span class=""cc-container-cnlibahlccceecnjljbjhbpmkggfekkn"">Dla wszystkich McCulloch, takich jak: ROB R600 i R1000 Bosch Indego 800 1000 1100 1200 podłącz WorX Landroid</span></span></li>
<li><span class=""a-list-item"">Do wszystkich modeli Robomow-autonomicznych takich jak: MC300, MC500, MC1000, MC1200, MS-Seria, RL-seria, RM-seria.</span></li>
<li><span class=""a-list-item"">Dla wszystkich typów Ambrogio, takich jak: L200-250 -Modele robotów</span></li>
<li>Do wszystkich robotów Stihl/Viking iMow</li>
<li>Dla wszystkich robotów Hinda Miimo</li>
</ul>"
https://am-robots.com/pl/shop/cable/standard-cable/standard-cable-34-mm/;10293562;"3,4 mm Zielony standardowy przewód graniczny";800m;28*28*22.5;10;800;141,1;110;;8544492000;5744003720835;Przewody;;0;;"<p><strong><br>
Zielony przewód graniczny kosiarki samojezdnej 3,4 mm to najwyższej jakości przewód, który nadaje się do WSZYSTKICH instalacji kosiarki samojezdnej.</strong></p>
<p>Kabel jest izolowany twardym tworzywem sztucznym w celu ochrony przewodu. Jest nadal bardzo elastyczny i można go układać za pomocą wszystkich maszyn kablowych.</p>
<p>Większy przewód graniczny kosiarki robota jest dostarczany w wysokiej jakości drewnianych szpulach, aby zapobiec pęknięciu przy uderzeniu. Wszystkie przewody są oznaczone licznikami.</p>
<p><span lang=""EN-US"">Pasuje do wszystkich automatycznych kosiarek do trawy.</span></p>
<p>Dostępne na bębnach 5 / 25 / 50 / 100 / 150 / 250 / 500 / 800 metrów o średnicy 3,4 mm.</p>
<p><iframe data-placeholder-image=""https://am-robots.com/wp-content/uploads/complianz/placeholders/youtubeQR82_Nfd-0c-maxresdefault.webp"" data-category=""marketing"" data-service=""youtube"" class=""cmplz-placeholder-element cmplz-iframe cmplz-iframe-styles cmplz-video"" data-cmplz-target=""src"" data-src-cmplz=""https://www.youtube.com/embed/QR82_Nfd-0c?feature=oembed"" title=""AM ROBOTS Robot Mower Cable - Meter mark"" width=""1080"" height=""608"" src=""about:blank"" allow=""accelerometer; autoplay; clipboard-write; encrypted-media; gyroscope; picture-in-picture; web-share"" referrerpolicy=""strict-origin-when-cross-origin"" allowfullscreen></iframe></p>";"<h2>Opis</h2>

<ul class=""a-unordered-list a-vertical a-spacing-none"">
<li><span class=""a-list-item"">Grubość przewodu granicznego kosiarki Robot 3,4 mm zapewniająca stabilniejszą izolację niż oryginalny plastik.</span></li>
<li>Rozmiar rolki kabla: 5/25/100/150/250/500/800 metrów - 800 metrów pasuje do wszystkich profesjonalnych maszyn kablowych.</li>
<li><span class=""a-list-item"">Używany do instalacji kosiarek robotów, pętli granicznej, kabla granicznego, kabla wyszukiwania, pętli look-up, drutu prowadzącego i wielu innych.</span></li>
<li><span class=""a-list-item""><span class=""cc-container-cnlibahlccceecnjljbjhbpmkggfekkn"">Do wszystkich typów kosiarek automatycznych Husqvarna Automower, takich jak: 105 305 308 310 315 315X 320 330X 420 430X 440 450X 520 550 G2 G3 210C 220AC 230ACX 260ACX 265ACX SH Solar Hybrid</span></span></li>
<li><span class=""a-list-item"">Do wszystkich typów Gardena, takich jak: R38Li R40Li R45Li R50Li R70Li R75Li R80Li R100Li R130Li R160Li R165 R180 Sileno Sileno+ Sileno City smart Sileno City smart Sileno smart Sileno+</span></li>
<li><span class=""a-list-item""><span class=""cc-container-cnlibahlccceecnjljbjhbpmkggfekkn"">Dla wszystkich McCulloch, takich jak: ROB R600 i R1000 Bosch Indego 800 1000 1100 1200 podłącz WorX Landroid</span></span></li>
<li><span class=""a-list-item"">Do wszystkich modeli Robomow-autonomicznych takich jak: MC300, MC500, MC1000, MC1200, MS-Seria, RL-seria, RM-seria.</span></li>
<li><span class=""a-list-item"">Dla wszystkich typów Ambrogio, takich jak: L200-250 -Modele robotów</span></li>
<li>Do wszystkich robotów Stihl/Viking iMow</li>
<li>Dla wszystkich robotów Hinda Miimo</li>
</ul>"
https://am-robots.com/pl/shop/cable/standard-cable/27-mm-basic-cable-black/;15220166;"Kabel podstawowy 2,7 mm - czarny";1000m;;;1000;153;124;;;;;;0;;"<p><strong> </strong></p>
<p><strong>Kabel podstawowy 2,7 mm to wysokiej jakości kabel, który nadaje się do WSZYSTKICH instalacji kosiarek automatycznych.</strong></p>
<p>Kabel jest izolowany twardym tworzywem sztucznym w celu ochrony żyły. Mimo to jest bardzo elastyczny i dlatego może być układany za pomocą wszystkich maszyn kablowych.</p>
<p>Kabel dostarczany jest w wysokiej jakości drewnianych szpulach o długości 800 i 1000 metrów.</p>
<p>Dostępne na bębnach o długości 800 i 1000 metrów i średnicy 2,7 mm.</p>
<p><span lang=""EN-US"">Pasuje do każdej automatycznej kosiarki do trawy</span></p>
<p><strong>Wszystkie kable posiadają oznaczenia mierników!</strong></p>
<p><iframe data-placeholder-image=""https://am-robots.com/wp-content/uploads/complianz/placeholders/youtubeQR82_Nfd-0c-maxresdefault.webp"" data-category=""marketing"" data-service=""youtube"" class=""cmplz-placeholder-element cmplz-iframe cmplz-iframe-styles cmplz-video"" data-cmplz-target=""src"" data-src-cmplz=""https://www.youtube.com/embed/QR82_Nfd-0c?feature=oembed"" title=""AM ROBOTS Robot Mower Cable - Meter mark"" width=""1080"" height=""608"" src=""about:blank"" allow=""accelerometer; autoplay; clipboard-write; encrypted-media; gyroscope; picture-in-picture; web-share"" referrerpolicy=""strict-origin-when-cross-origin"" allowfullscreen></iframe></p>";"<h2>Opis</h2>

<ul class=""a-unordered-list a-vertical a-spacing-none"">
<li><span class=""a-list-item"">Grubość 2,7 mm Podstawowy przewód o izolacji bardziej stabilnej niż oryginalna plastikowa.</span></li>
<li>Rozmiar rolki kabla: 800/1000 metrów - rolka o długości 1000 metrów pasuje do wszystkich profesjonalnych maszyn kablowych.</li>
<li><span class=""a-list-item"">Używany do instalacji kosiarek robotów, pętli granicznej, kabla granicznego, kabla wyszukiwania, pętli look-up, drutu prowadzącego i wielu innych.</span></li>
<li><span class=""a-list-item""><span class=""cc-container-cnlibahlccceecnjljbjhbpmkggfekkn"">Do wszystkich modeli kosiarek automatycznych Husqvarna Automower, takich jak: 105 305 308 310 315 315X 320 330X 420 430X 440 450X 520 550 G2 G3 210C 220AC 230ACX 260ACX 265ACX SH Solar Hybrid</span></span></li>
<li><span class=""a-list-item"">Do wszystkich modeli Gardena, takich jak: R38Li R40Li R45Li R50Li R70Li R75Li R80Li R100Li R130Li R160Li R165 R180 Sileno Sileno+ Sileno City smart Sileno City smart Sileno smart Sileno+</span></li>
<li><span class=""a-list-item""><span class=""cc-container-cnlibahlccceecnjljbjhbpmkggfekkn"">Dla wszystkich McCulloch, takich jak: ROB R600 i R1000 Bosch Indego 800 1000 1100 1200 podłącz WorX Landroid</span></span></li>
<li><span class=""a-list-item"">Do wszystkich modeli Robomow-autonomicznych takich jak: MC300, MC500, MC1000, MC1200, MS-Seria, RL-seria, RM-seria.</span></li>
<li><span class=""a-list-item"">Do wszystkich modeli Ambrogio, takich jak: L200-250 -Robot</span></li>
<li>Do wszystkich robotów Stihl/Viking iMow</li>
<li>Dla wszystkich robotów Honda Miimo</li>
</ul>"
https://am-robots.com/pl/shop/cable/standard-cable/2-7-mm-standard-boundary-cable/;15223547;"2,7 mm Kabel podstawowy";50m;34*34*18;0,43;50;8,5;7;;8544492000;5744003721436;Przewody;15744003721433;0;;"<p><strong> </strong></p>
<p><strong>Kabel podstawowy 2,7 mm to wysokiej jakości kabel, który nadaje się do WSZYSTKICH instalacji kosiarek automatycznych.</strong></p>
<p>Kabel jest izolowany twardym tworzywem sztucznym w celu ochrony żyły. Mimo to jest bardzo elastyczny i dlatego może być układany za pomocą wszystkich maszyn kablowych.</p>
<p>Kabel dostarczany jest w wysokiej jakości drewnianych szpulach o długości 800 i 1000 metrów.</p>
<p>Dostępny na bębnach 50/100/150/250/500/800/1000 metrów o średnicy 2,7 mm.</p>
<p><span lang=""EN-US"">Pasuje do każdej automatycznej kosiarki do trawy</span></p>
<p><strong>Wszystkie kable posiadają oznaczenia mierników!</strong></p>
<p><iframe data-placeholder-image=""https://am-robots.com/wp-content/uploads/complianz/placeholders/youtubeQR82_Nfd-0c-maxresdefault.webp"" data-category=""marketing"" data-service=""youtube"" class=""cmplz-placeholder-element cmplz-iframe cmplz-iframe-styles cmplz-video"" data-cmplz-target=""src"" data-src-cmplz=""https://www.youtube.com/embed/QR82_Nfd-0c?feature=oembed"" title=""AM ROBOTS Robot Mower Cable - Meter mark"" width=""1080"" height=""608"" src=""about:blank"" allow=""accelerometer; autoplay; clipboard-write; encrypted-media; gyroscope; picture-in-picture; web-share"" referrerpolicy=""strict-origin-when-cross-origin"" allowfullscreen></iframe></p>";"<h2>Opis</h2>

<ul class=""a-unordered-list a-vertical a-spacing-none"">
<li><span class=""a-list-item"">Grubość 2,7 mm Podstawowy przewód o izolacji bardziej stabilnej niż oryginalna plastikowa.</span></li>
<li>Rozmiar rolki kabla: 50/100/150/250/500/800/1000 metrów - rolka 1000 metrów będzie pasować do wszystkich profesjonalnych maszyn kablowych.</li>
<li><span class=""a-list-item"">Używany do instalacji kosiarek robotów, pętli granicznej, kabla granicznego, kabla wyszukiwania, pętli look-up, drutu prowadzącego i wielu innych.</span></li>
<li><span class=""a-list-item""><span class=""cc-container-cnlibahlccceecnjljbjhbpmkggfekkn"">Do wszystkich modeli kosiarek automatycznych Husqvarna Automower, takich jak: 105 305 308 310 315 315X 320 330X 420 430X 440 450X 520 550 G2 G3 210C 220AC 230ACX 260ACX 265ACX SH Solar Hybrid</span></span></li>
<li><span class=""a-list-item"">Do wszystkich modeli Gardena, takich jak: R38Li R40Li R45Li R50Li R70Li R75Li R80Li R100Li R130Li R160Li R165 R180 Sileno Sileno+ Sileno City smart Sileno City smart Sileno smart Sileno+</span></li>
<li><span class=""a-list-item""><span class=""cc-container-cnlibahlccceecnjljbjhbpmkggfekkn"">Dla wszystkich McCulloch, takich jak: ROB R600 i R1000 Bosch Indego 800 1000 1100 1200 podłącz WorX Landroid</span></span></li>
<li><span class=""a-list-item"">Do wszystkich modeli Robomow-autonomicznych takich jak: MC300, MC500, MC1000, MC1200, MS-Seria, RL-seria, RM-seria.</span></li>
<li><span class=""a-list-item"">Do wszystkich modeli Ambrogio, takich jak: L200-250 -Robot</span></li>
<li>Do wszystkich robotów Stihl/Viking iMow</li>
<li>Dla wszystkich robotów Honda Miimo</li>
</ul>"
https://am-robots.com/pl/shop/cable/standard-cable/2-7-mm-standard-boundary-cable/;15223548;"2,7 mm Kabel podstawowy";100m;29*29*16;0,8;100;16,15;12;;8544492000;5744003721429;Przewody;15744003721426;1;;"<p><strong> </strong></p>
<p><strong>Kabel podstawowy 2,7 mm to wysokiej jakości kabel, który nadaje się do WSZYSTKICH instalacji kosiarek automatycznych.</strong></p>
<p>Kabel jest izolowany twardym tworzywem sztucznym w celu ochrony żyły. Mimo to jest bardzo elastyczny i dlatego może być układany za pomocą wszystkich maszyn kablowych.</p>
<p>Kabel dostarczany jest w wysokiej jakości drewnianych szpulach o długości 800 i 1000 metrów.</p>
<p>Dostępny na bębnach 50/100/150/250/500/800/1000 metrów o średnicy 2,7 mm.</p>
<p><span lang=""EN-US"">Pasuje do każdej automatycznej kosiarki do trawy</span></p>
<p><strong>Wszystkie kable posiadają oznaczenia mierników!</strong></p>
<p><iframe data-placeholder-image=""https://am-robots.com/wp-content/uploads/complianz/placeholders/youtubeQR82_Nfd-0c-maxresdefault.webp"" data-category=""marketing"" data-service=""youtube"" class=""cmplz-placeholder-element cmplz-iframe cmplz-iframe-styles cmplz-video"" data-cmplz-target=""src"" data-src-cmplz=""https://www.youtube.com/embed/QR82_Nfd-0c?feature=oembed"" title=""AM ROBOTS Robot Mower Cable - Meter mark"" width=""1080"" height=""608"" src=""about:blank"" allow=""accelerometer; autoplay; clipboard-write; encrypted-media; gyroscope; picture-in-picture; web-share"" referrerpolicy=""strict-origin-when-cross-origin"" allowfullscreen></iframe></p>";"<h2>Opis</h2>

<ul class=""a-unordered-list a-vertical a-spacing-none"">
<li><span class=""a-list-item"">Grubość 2,7 mm Podstawowy przewód o izolacji bardziej stabilnej niż oryginalna plastikowa.</span></li>
<li>Rozmiar rolki kabla: 50/100/150/250/500/800/1000 metrów - rolka 1000 metrów będzie pasować do wszystkich profesjonalnych maszyn kablowych.</li>
<li><span class=""a-list-item"">Używany do instalacji kosiarek robotów, pętli granicznej, kabla granicznego, kabla wyszukiwania, pętli look-up, drutu prowadzącego i wielu innych.</span></li>
<li><span class=""a-list-item""><span class=""cc-container-cnlibahlccceecnjljbjhbpmkggfekkn"">Do wszystkich modeli kosiarek automatycznych Husqvarna Automower, takich jak: 105 305 308 310 315 315X 320 330X 420 430X 440 450X 520 550 G2 G3 210C 220AC 230ACX 260ACX 265ACX SH Solar Hybrid</span></span></li>
<li><span class=""a-list-item"">Do wszystkich modeli Gardena, takich jak: R38Li R40Li R45Li R50Li R70Li R75Li R80Li R100Li R130Li R160Li R165 R180 Sileno Sileno+ Sileno City smart Sileno City smart Sileno smart Sileno+</span></li>
<li><span class=""a-list-item""><span class=""cc-container-cnlibahlccceecnjljbjhbpmkggfekkn"">Dla wszystkich McCulloch, takich jak: ROB R600 i R1000 Bosch Indego 800 1000 1100 1200 podłącz WorX Landroid</span></span></li>
<li><span class=""a-list-item"">Do wszystkich modeli Robomow-autonomicznych takich jak: MC300, MC500, MC1000, MC1200, MS-Seria, RL-seria, RM-seria.</span></li>
<li><span class=""a-list-item"">Do wszystkich modeli Ambrogio, takich jak: L200-250 -Robot</span></li>
<li>Do wszystkich robotów Stihl/Viking iMow</li>
<li>Dla wszystkich robotów Honda Miimo</li>
</ul>"
https://am-robots.com/pl/shop/cable/standard-cable/27-mm-basic-cable-black/;15290162;"Kabel podstawowy 2,7 mm - czarny";800m;;;800;102;88;;;;;;0;;"<p><strong> </strong></p>
<p><strong>Kabel podstawowy 2,7 mm to wysokiej jakości kabel, który nadaje się do WSZYSTKICH instalacji kosiarek automatycznych.</strong></p>
<p>Kabel jest izolowany twardym tworzywem sztucznym w celu ochrony żyły. Mimo to jest bardzo elastyczny i dlatego może być układany za pomocą wszystkich maszyn kablowych.</p>
<p>Kabel dostarczany jest w wysokiej jakości drewnianych szpulach o długości 800 i 1000 metrów.</p>
<p>Dostępne na bębnach o długości 800 i 1000 metrów i średnicy 2,7 mm.</p>
<p><span lang=""EN-US"">Pasuje do każdej automatycznej kosiarki do trawy</span></p>
<p><strong>Wszystkie kable posiadają oznaczenia mierników!</strong></p>
<p><iframe data-placeholder-image=""https://am-robots.com/wp-content/uploads/complianz/placeholders/youtubeQR82_Nfd-0c-maxresdefault.webp"" data-category=""marketing"" data-service=""youtube"" class=""cmplz-placeholder-element cmplz-iframe cmplz-iframe-styles cmplz-video"" data-cmplz-target=""src"" data-src-cmplz=""https://www.youtube.com/embed/QR82_Nfd-0c?feature=oembed"" title=""AM ROBOTS Robot Mower Cable - Meter mark"" width=""1080"" height=""608"" src=""about:blank"" allow=""accelerometer; autoplay; clipboard-write; encrypted-media; gyroscope; picture-in-picture; web-share"" referrerpolicy=""strict-origin-when-cross-origin"" allowfullscreen></iframe></p>";"<h2>Opis</h2>

<ul class=""a-unordered-list a-vertical a-spacing-none"">
<li><span class=""a-list-item"">Grubość 2,7 mm Podstawowy przewód o izolacji bardziej stabilnej niż oryginalna plastikowa.</span></li>
<li>Rozmiar rolki kabla: 800/1000 metrów - rolka o długości 1000 metrów pasuje do wszystkich profesjonalnych maszyn kablowych.</li>
<li><span class=""a-list-item"">Używany do instalacji kosiarek robotów, pętli granicznej, kabla granicznego, kabla wyszukiwania, pętli look-up, drutu prowadzącego i wielu innych.</span></li>
<li><span class=""a-list-item""><span class=""cc-container-cnlibahlccceecnjljbjhbpmkggfekkn"">Do wszystkich modeli kosiarek automatycznych Husqvarna Automower, takich jak: 105 305 308 310 315 315X 320 330X 420 430X 440 450X 520 550 G2 G3 210C 220AC 230ACX 260ACX 265ACX SH Solar Hybrid</span></span></li>
<li><span class=""a-list-item"">Do wszystkich modeli Gardena, takich jak: R38Li R40Li R45Li R50Li R70Li R75Li R80Li R100Li R130Li R160Li R165 R180 Sileno Sileno+ Sileno City smart Sileno City smart Sileno smart Sileno+</span></li>
<li><span class=""a-list-item""><span class=""cc-container-cnlibahlccceecnjljbjhbpmkggfekkn"">Dla wszystkich McCulloch, takich jak: ROB R600 i R1000 Bosch Indego 800 1000 1100 1200 podłącz WorX Landroid</span></span></li>
<li><span class=""a-list-item"">Do wszystkich modeli Robomow-autonomicznych takich jak: MC300, MC500, MC1000, MC1200, MS-Seria, RL-seria, RM-seria.</span></li>
<li><span class=""a-list-item"">Do wszystkich modeli Ambrogio, takich jak: L200-250 -Robot</span></li>
<li>Do wszystkich robotów Stihl/Viking iMow</li>
<li>Dla wszystkich robotów Honda Miimo</li>
</ul>"
https://am-robots.com/pl/shop/cable/standard-cable/2-7-mm-standard-boundary-cable/;15293549;"2,7 mm Kabel podstawowy";150m;26*26*15;1,8;150;21,675;16,2;;8544492000;5744003720880;Przewody;15744003720887;0;;"<p><strong> </strong></p>
<p><strong>Kabel podstawowy 2,7 mm to wysokiej jakości kabel, który nadaje się do WSZYSTKICH instalacji kosiarek automatycznych.</strong></p>
<p>Kabel jest izolowany twardym tworzywem sztucznym w celu ochrony żyły. Mimo to jest bardzo elastyczny i dlatego może być układany za pomocą wszystkich maszyn kablowych.</p>
<p>Kabel dostarczany jest w wysokiej jakości drewnianych szpulach o długości 800 i 1000 metrów.</p>
<p>Dostępny na bębnach 50/100/150/250/500/800/1000 metrów o średnicy 2,7 mm.</p>
<p><span lang=""EN-US"">Pasuje do każdej automatycznej kosiarki do trawy</span></p>
<p><strong>Wszystkie kable posiadają oznaczenia mierników!</strong></p>
<p><iframe data-placeholder-image=""https://am-robots.com/wp-content/uploads/complianz/placeholders/youtubeQR82_Nfd-0c-maxresdefault.webp"" data-category=""marketing"" data-service=""youtube"" class=""cmplz-placeholder-element cmplz-iframe cmplz-iframe-styles cmplz-video"" data-cmplz-target=""src"" data-src-cmplz=""https://www.youtube.com/embed/QR82_Nfd-0c?feature=oembed"" title=""AM ROBOTS Robot Mower Cable - Meter mark"" width=""1080"" height=""608"" src=""about:blank"" allow=""accelerometer; autoplay; clipboard-write; encrypted-media; gyroscope; picture-in-picture; web-share"" referrerpolicy=""strict-origin-when-cross-origin"" allowfullscreen></iframe></p>";"<h2>Opis</h2>

<ul class=""a-unordered-list a-vertical a-spacing-none"">
<li><span class=""a-list-item"">Grubość 2,7 mm Podstawowy przewód o izolacji bardziej stabilnej niż oryginalna plastikowa.</span></li>
<li>Rozmiar rolki kabla: 50/100/150/250/500/800/1000 metrów - rolka 1000 metrów będzie pasować do wszystkich profesjonalnych maszyn kablowych.</li>
<li><span class=""a-list-item"">Używany do instalacji kosiarek robotów, pętli granicznej, kabla granicznego, kabla wyszukiwania, pętli look-up, drutu prowadzącego i wielu innych.</span></li>
<li><span class=""a-list-item""><span class=""cc-container-cnlibahlccceecnjljbjhbpmkggfekkn"">Do wszystkich modeli kosiarek automatycznych Husqvarna Automower, takich jak: 105 305 308 310 315 315X 320 330X 420 430X 440 450X 520 550 G2 G3 210C 220AC 230ACX 260ACX 265ACX SH Solar Hybrid</span></span></li>
<li><span class=""a-list-item"">Do wszystkich modeli Gardena, takich jak: R38Li R40Li R45Li R50Li R70Li R75Li R80Li R100Li R130Li R160Li R165 R180 Sileno Sileno+ Sileno City smart Sileno City smart Sileno smart Sileno+</span></li>
<li><span class=""a-list-item""><span class=""cc-container-cnlibahlccceecnjljbjhbpmkggfekkn"">Dla wszystkich McCulloch, takich jak: ROB R600 i R1000 Bosch Indego 800 1000 1100 1200 podłącz WorX Landroid</span></span></li>
<li><span class=""a-list-item"">Do wszystkich modeli Robomow-autonomicznych takich jak: MC300, MC500, MC1000, MC1200, MS-Seria, RL-seria, RM-seria.</span></li>
<li><span class=""a-list-item"">Do wszystkich modeli Ambrogio, takich jak: L200-250 -Robot</span></li>
<li>Do wszystkich robotów Stihl/Viking iMow</li>
<li>Dla wszystkich robotów Honda Miimo</li>
</ul>"
https://am-robots.com/pl/shop/cable/standard-cable/2-7-mm-standard-boundary-cable/;15293551;"2,7 mm Kabel podstawowy";250m;27*27*15;2,7;250;36,125;27,5;;8544492000;5744003720897;Przewody;15744003720894;1;;"<p><strong> </strong></p>
<p><strong>Kabel podstawowy 2,7 mm to wysokiej jakości kabel, który nadaje się do WSZYSTKICH instalacji kosiarek automatycznych.</strong></p>
<p>Kabel jest izolowany twardym tworzywem sztucznym w celu ochrony żyły. Mimo to jest bardzo elastyczny i dlatego może być układany za pomocą wszystkich maszyn kablowych.</p>
<p>Kabel dostarczany jest w wysokiej jakości drewnianych szpulach o długości 800 i 1000 metrów.</p>
<p>Dostępny na bębnach 50/100/150/250/500/800/1000 metrów o średnicy 2,7 mm.</p>
<p><span lang=""EN-US"">Pasuje do każdej automatycznej kosiarki do trawy</span></p>
<p><strong>Wszystkie kable posiadają oznaczenia mierników!</strong></p>
<p><iframe data-placeholder-image=""https://am-robots.com/wp-content/uploads/complianz/placeholders/youtubeQR82_Nfd-0c-maxresdefault.webp"" data-category=""marketing"" data-service=""youtube"" class=""cmplz-placeholder-element cmplz-iframe cmplz-iframe-styles cmplz-video"" data-cmplz-target=""src"" data-src-cmplz=""https://www.youtube.com/embed/QR82_Nfd-0c?feature=oembed"" title=""AM ROBOTS Robot Mower Cable - Meter mark"" width=""1080"" height=""608"" src=""about:blank"" allow=""accelerometer; autoplay; clipboard-write; encrypted-media; gyroscope; picture-in-picture; web-share"" referrerpolicy=""strict-origin-when-cross-origin"" allowfullscreen></iframe></p>";"<h2>Opis</h2>

<ul class=""a-unordered-list a-vertical a-spacing-none"">
<li><span class=""a-list-item"">Grubość 2,7 mm Podstawowy przewód o izolacji bardziej stabilnej niż oryginalna plastikowa.</span></li>
<li>Rozmiar rolki kabla: 50/100/150/250/500/800/1000 metrów - rolka 1000 metrów będzie pasować do wszystkich profesjonalnych maszyn kablowych.</li>
<li><span class=""a-list-item"">Używany do instalacji kosiarek robotów, pętli granicznej, kabla granicznego, kabla wyszukiwania, pętli look-up, drutu prowadzącego i wielu innych.</span></li>
<li><span class=""a-list-item""><span class=""cc-container-cnlibahlccceecnjljbjhbpmkggfekkn"">Do wszystkich modeli kosiarek automatycznych Husqvarna Automower, takich jak: 105 305 308 310 315 315X 320 330X 420 430X 440 450X 520 550 G2 G3 210C 220AC 230ACX 260ACX 265ACX SH Solar Hybrid</span></span></li>
<li><span class=""a-list-item"">Do wszystkich modeli Gardena, takich jak: R38Li R40Li R45Li R50Li R70Li R75Li R80Li R100Li R130Li R160Li R165 R180 Sileno Sileno+ Sileno City smart Sileno City smart Sileno smart Sileno+</span></li>
<li><span class=""a-list-item""><span class=""cc-container-cnlibahlccceecnjljbjhbpmkggfekkn"">Dla wszystkich McCulloch, takich jak: ROB R600 i R1000 Bosch Indego 800 1000 1100 1200 podłącz WorX Landroid</span></span></li>
<li><span class=""a-list-item"">Do wszystkich modeli Robomow-autonomicznych takich jak: MC300, MC500, MC1000, MC1200, MS-Seria, RL-seria, RM-seria.</span></li>
<li><span class=""a-list-item"">Do wszystkich modeli Ambrogio, takich jak: L200-250 -Robot</span></li>
<li>Do wszystkich robotów Stihl/Viking iMow</li>
<li>Dla wszystkich robotów Honda Miimo</li>
</ul>"
https://am-robots.com/pl/shop/cable/standard-cable/2-7-mm-standard-boundary-cable/;15293556;"2,7 mm Kabel podstawowy";500m;26*26*12.5;4,8;500;63,75;55;;8544492000;5744003720903;Przewody;;1;;"<p><strong> </strong></p>
<p><strong>Kabel podstawowy 2,7 mm to wysokiej jakości kabel, który nadaje się do WSZYSTKICH instalacji kosiarek automatycznych.</strong></p>
<p>Kabel jest izolowany twardym tworzywem sztucznym w celu ochrony żyły. Mimo to jest bardzo elastyczny i dlatego może być układany za pomocą wszystkich maszyn kablowych.</p>
<p>Kabel dostarczany jest w wysokiej jakości drewnianych szpulach o długości 800 i 1000 metrów.</p>
<p>Dostępny na bębnach 50/100/150/250/500/800/1000 metrów o średnicy 2,7 mm.</p>
<p><span lang=""EN-US"">Pasuje do każdej automatycznej kosiarki do trawy</span></p>
<p><strong>Wszystkie kable posiadają oznaczenia mierników!</strong></p>
<p><iframe data-placeholder-image=""https://am-robots.com/wp-content/uploads/complianz/placeholders/youtubeQR82_Nfd-0c-maxresdefault.webp"" data-category=""marketing"" data-service=""youtube"" class=""cmplz-placeholder-element cmplz-iframe cmplz-iframe-styles cmplz-video"" data-cmplz-target=""src"" data-src-cmplz=""https://www.youtube.com/embed/QR82_Nfd-0c?feature=oembed"" title=""AM ROBOTS Robot Mower Cable - Meter mark"" width=""1080"" height=""608"" src=""about:blank"" allow=""accelerometer; autoplay; clipboard-write; encrypted-media; gyroscope; picture-in-picture; web-share"" referrerpolicy=""strict-origin-when-cross-origin"" allowfullscreen></iframe></p>";"<h2>Opis</h2>

<ul class=""a-unordered-list a-vertical a-spacing-none"">
<li><span class=""a-list-item"">Grubość 2,7 mm Podstawowy przewód o izolacji bardziej stabilnej niż oryginalna plastikowa.</span></li>
<li>Rozmiar rolki kabla: 50/100/150/250/500/800/1000 metrów - rolka 1000 metrów będzie pasować do wszystkich profesjonalnych maszyn kablowych.</li>
<li><span class=""a-list-item"">Używany do instalacji kosiarek robotów, pętli granicznej, kabla granicznego, kabla wyszukiwania, pętli look-up, drutu prowadzącego i wielu innych.</span></li>
<li><span class=""a-list-item""><span class=""cc-container-cnlibahlccceecnjljbjhbpmkggfekkn"">Do wszystkich modeli kosiarek automatycznych Husqvarna Automower, takich jak: 105 305 308 310 315 315X 320 330X 420 430X 440 450X 520 550 G2 G3 210C 220AC 230ACX 260ACX 265ACX SH Solar Hybrid</span></span></li>
<li><span class=""a-list-item"">Do wszystkich modeli Gardena, takich jak: R38Li R40Li R45Li R50Li R70Li R75Li R80Li R100Li R130Li R160Li R165 R180 Sileno Sileno+ Sileno City smart Sileno City smart Sileno smart Sileno+</span></li>
<li><span class=""a-list-item""><span class=""cc-container-cnlibahlccceecnjljbjhbpmkggfekkn"">Dla wszystkich McCulloch, takich jak: ROB R600 i R1000 Bosch Indego 800 1000 1100 1200 podłącz WorX Landroid</span></span></li>
<li><span class=""a-list-item"">Do wszystkich modeli Robomow-autonomicznych takich jak: MC300, MC500, MC1000, MC1200, MS-Seria, RL-seria, RM-seria.</span></li>
<li><span class=""a-list-item"">Do wszystkich modeli Ambrogio, takich jak: L200-250 -Robot</span></li>
<li>Do wszystkich robotów Stihl/Viking iMow</li>
<li>Dla wszystkich robotów Honda Miimo</li>
</ul>"
https://am-robots.com/pl/shop/cable/standard-cable/2-7-mm-standard-boundary-cable/;15293562;"2,7 mm Kabel podstawowy";800m;28*28*16.5;7,3;800;102;88;;8544492000;5744003720910;Przewody;;0;;"<p><strong> </strong></p>
<p><strong>Kabel podstawowy 2,7 mm to wysokiej jakości kabel, który nadaje się do WSZYSTKICH instalacji kosiarek automatycznych.</strong></p>
<p>Kabel jest izolowany twardym tworzywem sztucznym w celu ochrony żyły. Mimo to jest bardzo elastyczny i dlatego może być układany za pomocą wszystkich maszyn kablowych.</p>
<p>Kabel dostarczany jest w wysokiej jakości drewnianych szpulach o długości 800 i 1000 metrów.</p>
<p>Dostępny na bębnach 50/100/150/250/500/800/1000 metrów o średnicy 2,7 mm.</p>
<p><span lang=""EN-US"">Pasuje do każdej automatycznej kosiarki do trawy</span></p>
<p><strong>Wszystkie kable posiadają oznaczenia mierników!</strong></p>
<p><iframe data-placeholder-image=""https://am-robots.com/wp-content/uploads/complianz/placeholders/youtubeQR82_Nfd-0c-maxresdefault.webp"" data-category=""marketing"" data-service=""youtube"" class=""cmplz-placeholder-element cmplz-iframe cmplz-iframe-styles cmplz-video"" data-cmplz-target=""src"" data-src-cmplz=""https://www.youtube.com/embed/QR82_Nfd-0c?feature=oembed"" title=""AM ROBOTS Robot Mower Cable - Meter mark"" width=""1080"" height=""608"" src=""about:blank"" allow=""accelerometer; autoplay; clipboard-write; encrypted-media; gyroscope; picture-in-picture; web-share"" referrerpolicy=""strict-origin-when-cross-origin"" allowfullscreen></iframe></p>";"<h2>Opis</h2>

<ul class=""a-unordered-list a-vertical a-spacing-none"">
<li><span class=""a-list-item"">Grubość 2,7 mm Podstawowy przewód o izolacji bardziej stabilnej niż oryginalna plastikowa.</span></li>
<li>Rozmiar rolki kabla: 50/100/150/250/500/800/1000 metrów - rolka 1000 metrów będzie pasować do wszystkich profesjonalnych maszyn kablowych.</li>
<li><span class=""a-list-item"">Używany do instalacji kosiarek robotów, pętli granicznej, kabla granicznego, kabla wyszukiwania, pętli look-up, drutu prowadzącego i wielu innych.</span></li>
<li><span class=""a-list-item""><span class=""cc-container-cnlibahlccceecnjljbjhbpmkggfekkn"">Do wszystkich modeli kosiarek automatycznych Husqvarna Automower, takich jak: 105 305 308 310 315 315X 320 330X 420 430X 440 450X 520 550 G2 G3 210C 220AC 230ACX 260ACX 265ACX SH Solar Hybrid</span></span></li>
<li><span class=""a-list-item"">Do wszystkich modeli Gardena, takich jak: R38Li R40Li R45Li R50Li R70Li R75Li R80Li R100Li R130Li R160Li R165 R180 Sileno Sileno+ Sileno City smart Sileno City smart Sileno smart Sileno+</span></li>
<li><span class=""a-list-item""><span class=""cc-container-cnlibahlccceecnjljbjhbpmkggfekkn"">Dla wszystkich McCulloch, takich jak: ROB R600 i R1000 Bosch Indego 800 1000 1100 1200 podłącz WorX Landroid</span></span></li>
<li><span class=""a-list-item"">Do wszystkich modeli Robomow-autonomicznych takich jak: MC300, MC500, MC1000, MC1200, MS-Seria, RL-seria, RM-seria.</span></li>
<li><span class=""a-list-item"">Do wszystkich modeli Ambrogio, takich jak: L200-250 -Robot</span></li>
<li>Do wszystkich robotów Stihl/Viking iMow</li>
<li>Dla wszystkich robotów Honda Miimo</li>
</ul>"
